solid csg.js
facet normal 0 0 -1
outer loop
vertex 244.12269205000024 -86.13158114999777 0
vertex 244.5568124941671 -86.16956176747068 0
vertex 244.97774240830984 -86.28234959804468 0
endloop
endfacet
facet normal 0 0 -1
outer loop
vertex 244.12269205000024 -86.13158114999777 0
vertex 244.97774240830984 -86.28234959804468 0
vertex 245.3726920499983 -86.46651764054135 0
endloop
endfacet
facet normal 0 0 -1
outer loop
vertex 244.12269205000024 -86.13158114999777 0
vertex 245.3726920499983 -86.46651764054135 0
vertex 245.7296610742204 -86.71647004219855 0
endloop
endfacet
facet normal 0 0 -1
outer loop
vertex 244.12269205000024 -86.13158114999777 0
vertex 245.7296610742204 -86.71647004219855 0
vertex 246.03780315779738 -87.02461212578369 0
endloop
endfacet
facet normal 0 0 -1
outer loop
vertex 244.12269205000024 -86.13158114999777 0
vertex 246.03780315779738 -87.02461212578369 0
vertex 246.07769329799714 -87.0815823 0
endloop
endfacet
facet normal 0 0 -1
outer loop
vertex 244.12269205000024 -86.13158114999777 0
vertex 246.07769329799714 -87.0815823 0
vertex 194.26768994591086 -87.0815823 0
endloop
endfacet
facet normal 0 0 -1
outer loop
vertex 244.12269205000024 -86.13158114999777 0
vertex 194.26768994591086 -87.0815823 0
vertex 194.30758094220238 -87.02461212578369 0
endloop
endfacet
facet normal 0 0 -1
outer loop
vertex 244.12269205000024 -86.13158114999777 0
vertex 194.30758094220238 -87.02461212578369 0
vertex 194.6157230257829 -86.71647004219855 0
endloop
endfacet
facet normal 0 0 -1
outer loop
vertex 244.12269205000024 -86.13158114999777 0
vertex 194.6157230257829 -86.71647004219855 0
vertex 194.97269204999986 -86.46651764054135 0
endloop
endfacet
facet normal 0 0 -1
outer loop
vertex 244.12269205000024 -86.13158114999777 0
vertex 194.97269204999986 -86.46651764054135 0
vertex 195.36764169168612 -86.28234959804468 0
endloop
endfacet
facet normal 0 0 -1
outer loop
vertex 244.12269205000024 -86.13158114999777 0
vertex 195.36764169168612 -86.28234959804468 0
vertex 195.78857160583277 -86.16956176747068 0
endloop
endfacet
facet normal 0 0 -1
outer loop
vertex 244.12269205000024 -86.13158114999777 0
vertex 195.78857160583277 -86.16956176747068 0
vertex 196.2226941 -86.13158114999777 0
endloop
endfacet
facet normal 0 0 -1
outer loop
vertex 246.07769329799714 -87.0815823 0
vertex 246.1042876126539 -87.1195617674695 0
vertex 246.28775555946234 -87.38158115000022 0
endloop
endfacet
facet normal 0 0 -1
outer loop
vertex 246.07769329799714 -87.0815823 0
vertex 246.28775555946234 -87.38158115000022 0
vertex 246.4719236019643 -87.77653079168579 0
endloop
endfacet
facet normal 0 0 -1
outer loop
vertex 246.07769329799714 -87.0815823 0
vertex 246.4719236019643 -87.77653079168579 0
vertex 246.58471143252848 -88.19746070583273 0
endloop
endfacet
facet normal 0 0 -1
outer loop
vertex 246.07769329799714 -87.0815823 0
vertex 246.58471143252848 -88.19746070583273 0
vertex 246.6226941000003 -88.63158114999999 0
endloop
endfacet
facet normal 0 0 -1
outer loop
vertex 246.07769329799714 -87.0815823 0
vertex 246.6226941000003 -88.63158114999999 0
vertex 246.6226934998549 -107.33857240000012 0
endloop
endfacet
facet normal 0 0 -1
outer loop
vertex 246.07769329799714 -87.0815823 0
vertex 246.6226934998549 -107.33857240000012 0
vertex 239.13609209999257 -107.33857240000012 0
endloop
endfacet
facet normal 0 0 -1
outer loop
vertex 246.07769329799714 -87.0815823 0
vertex 239.13609209999257 -107.33857240000012 0
vertex 201.2092960999936 -107.33857240000012 0
endloop
endfacet
facet normal 0 0 -1
outer loop
vertex 246.07769329799714 -87.0815823 0
vertex 201.2092960999936 -107.33857240000012 0
vertex 193.72269265014563 -107.33857240000012 0
endloop
endfacet
facet normal 0 0 -1
outer loop
vertex 246.07769329799714 -87.0815823 0
vertex 193.72269265014563 -107.33857240000012 0
vertex 193.7226920499996 -88.63158114999999 0
endloop
endfacet
facet normal 0 0 -1
outer loop
vertex 246.07769329799714 -87.0815823 0
vertex 193.7226920499996 -88.63158114999999 0
vertex 193.7606726674696 -88.19746070583273 0
endloop
endfacet
facet normal 0 0 -1
outer loop
vertex 246.07769329799714 -87.0815823 0
vertex 193.7606726674696 -88.19746070583273 0
vertex 193.87346049803514 -87.77653079168579 0
endloop
endfacet
facet normal 0 0 -1
outer loop
vertex 246.07769329799714 -87.0815823 0
vertex 193.87346049803514 -87.77653079168579 0
vertex 194.0576285405392 -87.38158115000022 0
endloop
endfacet
facet normal 0 0 -1
outer loop
vertex 246.07769329799714 -87.0815823 0
vertex 194.0576285405392 -87.38158115000022 0
vertex 194.26768994591086 -87.0815823 0
endloop
endfacet
facet normal 0 0 -1
outer loop
vertex 201.2092960999936 -107.33857240000012 0
vertex 200.97518771355908 -107.36163006351774 0
vertex 193.72269265088534 -107.36163006351774 0
endloop
endfacet
facet normal 0 0 -1
outer loop
vertex 201.2092960999936 -107.33857240000012 0
vertex 193.72269265088534 -107.36163006351774 0
vertex 193.72269265014563 -107.33857240000012 0
endloop
endfacet
facet normal 0 0 -1
outer loop
vertex 239.13609209999257 -107.33857240000012 0
vertex 238.90198371355805 -107.36163006351774 0
vertex 201.44340448642814 -107.36163006351774 0
endloop
endfacet
facet normal 0 0 -1
outer loop
vertex 239.13609209999257 -107.33857240000012 0
vertex 201.44340448642814 -107.36163006351774 0
vertex 201.2092960999936 -107.33857240000012 0
endloop
endfacet
facet normal 0 0 -1
outer loop
vertex 246.6226934998549 -107.33857240000012 0
vertex 246.62269349911517 -107.36163006351774 0
vertex 239.37020048641233 -107.36163006351774 0
endloop
endfacet
facet normal 0 0 -1
outer loop
vertex 246.6226934998549 -107.33857240000012 0
vertex 239.37020048641233 -107.36163006351774 0
vertex 239.13609209999257 -107.33857240000012 0
endloop
endfacet
facet normal 0 0 -1
outer loop
vertex 200.97518771355908 -107.36163006351774 0
vertex 200.75007598119515 -107.4299169609799 0
vertex 193.72269265307608 -107.4299169609799 0
endloop
endfacet
facet normal 0 0 -1
outer loop
vertex 200.97518771355908 -107.36163006351774 0
vertex 193.72269265307608 -107.4299169609799 0
vertex 193.72269265088534 -107.36163006351774 0
endloop
endfacet
facet normal 0 0 -1
outer loop
vertex 238.90198371355805 -107.36163006351774 0
vertex 238.67687198119665 -107.4299169609799 0
vertex 201.66851621881995 -107.4299169609799 0
endloop
endfacet
facet normal 0 0 -1
outer loop
vertex 238.90198371355805 -107.36163006351774 0
vertex 201.66851621881995 -107.4299169609799 0
vertex 201.44340448642814 -107.36163006351774 0
endloop
endfacet
facet normal 0 0 -1
outer loop
vertex 246.62269349911517 -107.36163006351774 0
vertex 246.62269349692446 -107.4299169609799 0
vertex 239.59531221884862 -107.4299169609799 0
endloop
endfacet
facet normal 0 0 -1
outer loop
vertex 246.62269349911517 -107.36163006351774 0
vertex 239.59531221884862 -107.4299169609799 0
vertex 239.37020048641233 -107.36163006351774 0
endloop
endfacet
facet normal 0 0 -1
outer loop
vertex 200.75007598119515 -107.4299169609799 0
vertex 200.5426118203665 -107.54080886524059 0
vertex 193.72269265663365 -107.54080886524059 0
endloop
endfacet
facet normal 0 0 -1
outer loop
vertex 200.75007598119515 -107.4299169609799 0
vertex 193.72269265663365 -107.54080886524059 0
vertex 193.72269265307608 -107.4299169609799 0
endloop
endfacet
facet normal 0 0 -1
outer loop
vertex 238.67687198119665 -107.4299169609799 0
vertex 238.46940782034662 -107.54080886524059 0
vertex 201.87598037962445 -107.54080886524059 0
endloop
endfacet
facet normal 0 0 -1
outer loop
vertex 238.67687198119665 -107.4299169609799 0
vertex 201.87598037962445 -107.54080886524059 0
vertex 201.66851621881995 -107.4299169609799 0
endloop
endfacet
facet normal 0 0 -1
outer loop
vertex 246.62269349692446 -107.4299169609799 0
vertex 246.62269349336688 -107.54080886524059 0
vertex 239.80277637961288 -107.54080886524059 0
endloop
endfacet
facet normal 0 0 -1
outer loop
vertex 246.62269349692446 -107.4299169609799 0
vertex 239.80277637961288 -107.54080886524059 0
vertex 239.59531221884862 -107.4299169609799 0
endloop
endfacet
facet normal 0 0 -1
outer loop
vertex 200.5426118203665 -107.54080886524059 0
vertex 200.36076796257802 -107.69004426257084 0
vertex 193.72269266142132 -107.69004426257084 0
endloop
endfacet
facet normal 0 0 -1
outer loop
vertex 200.5426118203665 -107.54080886524059 0
vertex 193.72269266142132 -107.69004426257084 0
vertex 193.72269265663365 -107.54080886524059 0
endloop
endfacet
facet normal 0 0 -1
outer loop
vertex 238.46940782034662 -107.54080886524059 0
vertex 238.2875639625848 -107.69004426257084 0
vertex 202.05782423741388 -107.69004426257084 0
endloop
endfacet
facet normal 0 0 -1
outer loop
vertex 238.46940782034662 -107.54080886524059 0
vertex 202.05782423741388 -107.69004426257084 0
vertex 201.87598037962445 -107.54080886524059 0
endloop
endfacet
facet normal 0 0 -1
outer loop
vertex 246.62269349336688 -107.54080886524059 0
vertex 246.62269348857922 -107.69004426257084 0
vertex 239.9846202374457 -107.69004426257084 0
endloop
endfacet
facet normal 0 0 -1
outer loop
vertex 246.62269349336688 -107.54080886524059 0
vertex 239.9846202374457 -107.69004426257084 0
vertex 239.80277637961288 -107.54080886524059 0
endloop
endfacet
facet normal 0 0 -1
outer loop
vertex 200.36076796257802 -107.69004426257084 0
vertex 200.2115325652172 -107.87188812039625 0
vertex 193.72269266725513 -107.87188812039625 0
endloop
endfacet
facet normal 0 0 -1
outer loop
vertex 200.36076796257802 -107.69004426257084 0
vertex 193.72269266725513 -107.87188812039625 0
vertex 193.72269266142132 -107.69004426257084 0
endloop
endfacet
facet normal 0 0 -1
outer loop
vertex 238.2875639625848 -107.69004426257084 0
vertex 238.13832856521879 -107.87188812039625 0
vertex 202.20705963477366 -107.87188812039625 0
endloop
endfacet
facet normal 0 0 -1
outer loop
vertex 238.2875639625848 -107.69004426257084 0
vertex 202.20705963477366 -107.87188812039625 0
vertex 202.05782423741388 -107.69004426257084 0
endloop
endfacet
facet normal 0 0 -1
outer loop
vertex 246.62269348857922 -107.69004426257084 0
vertex 246.6226934827454 -107.87188812039625 0
vertex 240.13385563476658 -107.87188812039625 0
endloop
endfacet
facet normal 0 0 -1
outer loop
vertex 246.62269348857922 -107.69004426257084 0
vertex 240.13385563476658 -107.87188812039625 0
vertex 239.9846202374457 -107.69004426257084 0
endloop
endfacet
facet normal 0 0 -1
outer loop
vertex 200.2115325652172 -107.87188812039625 0
vertex 200.10064066099739 -108.07935228115846 0
vertex 193.72269267391084 -108.07935228115846 0
endloop
endfacet
facet normal 0 0 -1
outer loop
vertex 200.2115325652172 -107.87188812039625 0
vertex 193.72269267391084 -108.07935228115846 0
vertex 193.72269266725513 -107.87188812039625 0
endloop
endfacet
facet normal 0 0 -1
outer loop
vertex 238.13832856521879 -107.87188812039625 0
vertex 238.0274366610018 -108.07935228115846 0
vertex 202.31795153901174 -108.07935228115846 0
endloop
endfacet
facet normal 0 0 -1
outer loop
vertex 238.13832856521879 -107.87188812039625 0
vertex 202.31795153901174 -108.07935228115846 0
vertex 202.20705963477366 -107.87188812039625 0
endloop
endfacet
facet normal 0 0 -1
outer loop
vertex 246.6226934827454 -107.87188812039625 0
vertex 246.6226934760897 -108.07935228115846 0
vertex 240.244747539006 -108.07935228115846 0
endloop
endfacet
facet normal 0 0 -1
outer loop
vertex 246.6226934827454 -107.87188812039625 0
vertex 240.244747539006 -108.07935228115846 0
vertex 240.13385563476658 -107.87188812039625 0
endloop
endfacet
facet normal 0 0 -1
outer loop
vertex 200.10064066099739 -108.07935228115846 0
vertex 200.03235376351512 -108.3044640135831 0
vertex 193.72269268113274 -108.3044640135831 0
endloop
endfacet
facet normal 0 0 -1
outer loop
vertex 200.10064066099739 -108.07935228115846 0
vertex 193.72269268113274 -108.3044640135831 0
vertex 193.72269267391084 -108.07935228115846 0
endloop
endfacet
facet normal 0 0 -1
outer loop
vertex 238.0274366610018 -108.07935228115846 0
vertex 237.95914976351415 -108.3044640135831 0
vertex 202.38623843648386 -108.3044640135831 0
endloop
endfacet
facet normal 0 0 -1
outer loop
vertex 238.0274366610018 -108.07935228115846 0
vertex 202.38623843648386 -108.3044640135831 0
vertex 202.31795153901174 -108.07935228115846 0
endloop
endfacet
facet normal 0 0 -1
outer loop
vertex 246.6226934760897 -108.07935228115846 0
vertex 246.6226934688678 -108.3044640135831 0
vertex 240.313034436485 -108.3044640135831 0
endloop
endfacet
facet normal 0 0 -1
outer loop
vertex 246.6226934760897 -108.07935228115846 0
vertex 240.313034436485 -108.3044640135831 0
vertex 240.244747539006 -108.07935228115846 0
endloop
endfacet
facet normal 0 0 -1
outer loop
vertex 200.03235376351512 -108.3044640135831 0
vertex 200.00929609999972 -108.53857240000258 0
vertex 193.72269268864326 -108.53857240000258 0
endloop
endfacet
facet normal 0 0 -1
outer loop
vertex 200.03235376351512 -108.3044640135831 0
vertex 193.72269268864326 -108.53857240000258 0
vertex 193.72269268113274 -108.3044640135831 0
endloop
endfacet
facet normal 0 0 -1
outer loop
vertex 237.95914976351415 -108.3044640135831 0
vertex 237.9360921 -108.53857240000258 0
vertex 202.40929609999998 -108.53857240000258 0
endloop
endfacet
facet normal 0 0 -1
outer loop
vertex 237.95914976351415 -108.3044640135831 0
vertex 202.40929609999998 -108.53857240000258 0
vertex 202.38623843648386 -108.3044640135831 0
endloop
endfacet
facet normal 0 0 -1
outer loop
vertex 246.6226934688678 -108.3044640135831 0
vertex 246.6226934613573 -108.53857240000258 0
vertex 240.33609210000037 -108.53857240000258 0
endloop
endfacet
facet normal 0 0 -1
outer loop
vertex 246.6226934688678 -108.3044640135831 0
vertex 240.33609210000037 -108.53857240000258 0
vertex 240.313034436485 -108.3044640135831 0
endloop
endfacet
facet normal 0 0 -1
outer loop
vertex 200.00929609999972 -108.53857240000258 0
vertex 200.03235376351665 -108.77268078642534 0
vertex 193.72269269615379 -108.77268078642534 0
endloop
endfacet
facet normal 0 0 -1
outer loop
vertex 200.00929609999972 -108.53857240000258 0
vertex 193.72269269615379 -108.77268078642534 0
vertex 193.72269268864326 -108.53857240000258 0
endloop
endfacet
facet normal 0 0 -1
outer loop
vertex 237.9360921 -108.53857240000258 0
vertex 237.95914976351665 -108.77268078642534 0
vertex 202.38623843648352 -108.77268078642534 0
endloop
endfacet
facet normal 0 0 -1
outer loop
vertex 237.9360921 -108.53857240000258 0
vertex 202.38623843648352 -108.77268078642534 0
vertex 202.40929609999998 -108.53857240000258 0
endloop
endfacet
facet normal 0 0 -1
outer loop
vertex 246.6226934613573 -108.53857240000258 0
vertex 246.62269345384678 -108.77268078642534 0
vertex 240.31303443648355 -108.77268078642534 0
endloop
endfacet
facet normal 0 0 -1
outer loop
vertex 246.6226934613573 -108.53857240000258 0
vertex 240.31303443648355 -108.77268078642534 0
vertex 240.33609210000037 -108.53857240000258 0
endloop
endfacet
facet normal 0 0 -1
outer loop
vertex 200.03235376351665 -108.77268078642534 0
vertex 200.10064066098462 -108.99779251883457 0
vertex 193.72269270337569 -108.99779251883457 0
endloop
endfacet
facet normal 0 0 -1
outer loop
vertex 200.03235376351665 -108.77268078642534 0
vertex 193.72269270337569 -108.99779251883457 0
vertex 193.72269269615379 -108.77268078642534 0
endloop
endfacet
facet normal 0 0 -1
outer loop
vertex 237.95914976351665 -108.77268078642534 0
vertex 238.02743666098445 -108.99779251883457 0
vertex 202.317951539014 -108.99779251883457 0
endloop
endfacet
facet normal 0 0 -1
outer loop
vertex 237.95914976351665 -108.77268078642534 0
vertex 202.317951539014 -108.99779251883457 0
vertex 202.38623843648352 -108.77268078642534 0
endloop
endfacet
facet normal 0 0 -1
outer loop
vertex 246.62269345384678 -108.77268078642534 0
vertex 246.62269344662488 -108.99779251883457 0
vertex 240.24474753901478 -108.99779251883457 0
endloop
endfacet
facet normal 0 0 -1
outer loop
vertex 246.62269345384678 -108.77268078642534 0
vertex 240.24474753901478 -108.99779251883457 0
vertex 240.31303443648355 -108.77268078642534 0
endloop
endfacet
facet normal 0 0 -1
outer loop
vertex 200.10064066098462 -108.99779251883457 0
vertex 200.2115325652375 -109.20525667962445 0
vertex 193.72269271003142 -109.20525667962445 0
endloop
endfacet
facet normal 0 0 -1
outer loop
vertex 200.10064066098462 -108.99779251883457 0
vertex 193.72269271003142 -109.20525667962445 0
vertex 193.72269270337569 -108.99779251883457 0
endloop
endfacet
facet normal 0 0 -1
outer loop
vertex 238.02743666098445 -108.99779251883457 0
vertex 238.1383285652384 -109.20525667962445 0
vertex 202.20705963476226 -109.20525667962445 0
endloop
endfacet
facet normal 0 0 -1
outer loop
vertex 238.02743666098445 -108.99779251883457 0
vertex 202.20705963476226 -109.20525667962445 0
vertex 202.317951539014 -108.99779251883457 0
endloop
endfacet
facet normal 0 0 -1
outer loop
vertex 246.62269344662488 -108.99779251883457 0
vertex 246.62269343996917 -109.20525667962445 0
vertex 240.1338556347614 -109.20525667962445 0
endloop
endfacet
facet normal 0 0 -1
outer loop
vertex 246.62269344662488 -108.99779251883457 0
vertex 240.1338556347614 -109.20525667962445 0
vertex 240.24474753901478 -108.99779251883457 0
endloop
endfacet
facet normal 0 0 -1
outer loop
vertex 200.2115325652375 -109.20525667962445 0
vertex 200.36076796257402 -109.38710053742152 0
vertex 193.72269271586524 -109.38710053742152 0
endloop
endfacet
facet normal 0 0 -1
outer loop
vertex 200.2115325652375 -109.20525667962445 0
vertex 193.72269271586524 -109.38710053742152 0
vertex 193.72269271003142 -109.20525667962445 0
endloop
endfacet
facet normal 0 0 -1
outer loop
vertex 238.1383285652384 -109.20525667962445 0
vertex 238.2875639625614 -109.38710053742152 0
vertex 202.05782423742477 -109.38710053742152 0
endloop
endfacet
facet normal 0 0 -1
outer loop
vertex 238.1383285652384 -109.20525667962445 0
vertex 202.05782423742477 -109.38710053742152 0
vertex 202.20705963476226 -109.20525667962445 0
endloop
endfacet
facet normal 0 0 -1
outer loop
vertex 246.62269343996917 -109.20525667962445 0
vertex 246.62269343413536 -109.38710053742152 0
vertex 239.984620237423 -109.38710053742152 0
endloop
endfacet
facet normal 0 0 -1
outer loop
vertex 246.62269343996917 -109.20525667962445 0
vertex 239.984620237423 -109.38710053742152 0
vertex 240.1338556347614 -109.20525667962445 0
endloop
endfacet
facet normal 0 0 -1
outer loop
vertex 200.36076796257402 -109.38710053742152 0
vertex 200.54261182038817 -109.53633593477205 0
vertex 193.7226927206529 -109.53633593477205 0
endloop
endfacet
facet normal 0 0 -1
outer loop
vertex 200.36076796257402 -109.38710053742152 0
vertex 193.7226927206529 -109.53633593477205 0
vertex 193.72269271586524 -109.38710053742152 0
endloop
endfacet
facet normal 0 0 -1
outer loop
vertex 238.2875639625614 -109.38710053742152 0
vertex 238.46940782040454 -109.53633593477205 0
vertex 201.8759803796182 -109.53633593477205 0
endloop
endfacet
facet normal 0 0 -1
outer loop
vertex 238.2875639625614 -109.38710053742152 0
vertex 201.8759803796182 -109.53633593477205 0
vertex 202.05782423742477 -109.38710053742152 0
endloop
endfacet
facet normal 0 0 -1
outer loop
vertex 246.62269343413536 -109.38710053742152 0
vertex 246.6226934293477 -109.53633593477205 0
vertex 239.8027763796178 -109.53633593477205 0
endloop
endfacet
facet normal 0 0 -1
outer loop
vertex 246.62269343413536 -109.38710053742152 0
vertex 239.8027763796178 -109.53633593477205 0
vertex 239.984620237423 -109.38710053742152 0
endloop
endfacet
facet normal 0 0 -1
outer loop
vertex 200.54261182038817 -109.53633593477205 0
vertex 200.75007598114547 -109.64722783900753 0
vertex 193.72269272421048 -109.64722783900753 0
endloop
endfacet
facet normal 0 0 -1
outer loop
vertex 200.54261182038817 -109.53633593477205 0
vertex 193.72269272421048 -109.64722783900753 0
vertex 193.7226927206529 -109.53633593477205 0
endloop
endfacet
facet normal 0 0 -1
outer loop
vertex 238.46940782040454 -109.53633593477205 0
vertex 238.67687198111432 -109.64722783900753 0
vertex 201.66851621884226 -109.64722783900753 0
endloop
endfacet
facet normal 0 0 -1
outer loop
vertex 238.46940782040454 -109.53633593477205 0
vertex 201.66851621884226 -109.64722783900753 0
vertex 201.8759803796182 -109.53633593477205 0
endloop
endfacet
facet normal 0 0 -1
outer loop
vertex 246.6226934293477 -109.53633593477205 0
vertex 246.62269342579015 -109.64722783900753 0
vertex 239.59531221884308 -109.64722783900753 0
endloop
endfacet
facet normal 0 0 -1
outer loop
vertex 246.6226934293477 -109.53633593477205 0
vertex 239.59531221884308 -109.64722783900753 0
vertex 239.8027763796178 -109.53633593477205 0
endloop
endfacet
facet normal 0 0 -1
outer loop
vertex 200.75007598114547 -109.64722783900753 0
vertex 200.97518771358585 -109.71551473648442 0
vertex 193.7226927264012 -109.71551473648442 0
endloop
endfacet
facet normal 0 0 -1
outer loop
vertex 200.75007598114547 -109.64722783900753 0
vertex 193.7226927264012 -109.71551473648442 0
vertex 193.72269272421048 -109.64722783900753 0
endloop
endfacet
facet normal 0 0 -1
outer loop
vertex 238.67687198111432 -109.64722783900753 0
vertex 238.90198371363033 -109.71551473648442 0
vertex 201.44340448642546 -109.71551473648442 0
endloop
endfacet
facet normal 0 0 -1
outer loop
vertex 238.67687198111432 -109.64722783900753 0
vertex 201.44340448642546 -109.71551473648442 0
vertex 201.66851621884226 -109.64722783900753 0
endloop
endfacet
facet normal 0 0 -1
outer loop
vertex 246.62269342579015 -109.64722783900753 0
vertex 246.6226934235994 -109.71551473648442 0
vertex 239.3702004864385 -109.71551473648442 0
endloop
endfacet
facet normal 0 0 -1
outer loop
vertex 246.62269342579015 -109.64722783900753 0
vertex 239.3702004864385 -109.71551473648442 0
vertex 239.59531221884308 -109.64722783900753 0
endloop
endfacet
facet normal 0 0 -1
outer loop
vertex 200.97518771358585 -109.71551473648442 0
vertex 201.20929609999743 -109.73857239999978 0
vertex 193.72269272714092 -109.73857239999978 0
endloop
endfacet
facet normal 0 0 -1
outer loop
vertex 200.97518771358585 -109.71551473648442 0
vertex 193.72269272714092 -109.73857239999978 0
vertex 193.7226927264012 -109.71551473648442 0
endloop
endfacet
facet normal 0 0 -1
outer loop
vertex 238.90198371363033 -109.71551473648442 0
vertex 239.13609209999385 -109.73857239999978 0
vertex 201.20929609999743 -109.73857239999978 0
endloop
endfacet
facet normal 0 0 -1
outer loop
vertex 238.90198371363033 -109.71551473648442 0
vertex 201.20929609999743 -109.73857239999978 0
vertex 201.44340448642546 -109.71551473648442 0
endloop
endfacet
facet normal 0 0 -1
outer loop
vertex 246.6226934235994 -109.71551473648442 0
vertex 246.62269342285967 -109.73857239999978 0
vertex 239.13609209999385 -109.73857239999978 0
endloop
endfacet
facet normal 0 0 -1
outer loop
vertex 246.6226934235994 -109.71551473648442 0
vertex 239.13609209999385 -109.73857239999978 0
vertex 239.3702004864385 -109.71551473648442 0
endloop
endfacet
facet normal 0 0 -1
outer loop
vertex 201.20929609999743 -109.73857239999978 0
vertex 239.13609209999385 -109.73857239999978 0
vertex 246.62269342285967 -109.73857239999978 0
endloop
endfacet
facet normal 0 0 -1
outer loop
vertex 201.20929609999743 -109.73857239999978 0
vertex 246.62269342285967 -109.73857239999978 0
vertex 246.6226923246822 -143.96960500000037 0
endloop
endfacet
facet normal 0 0 -1
outer loop
vertex 201.20929609999743 -109.73857239999978 0
vertex 246.6226923246822 -143.96960500000037 0
vertex 238.99485859999416 -143.96960500000037 0
endloop
endfacet
facet normal 0 0 -1
outer loop
vertex 201.20929609999743 -109.73857239999978 0
vertex 238.99485859999416 -143.96960500000037 0
vertex 201.35052959999157 -143.96960500000037 0
endloop
endfacet
facet normal 0 0 -1
outer loop
vertex 201.20929609999743 -109.73857239999978 0
vertex 201.35052959999157 -143.96960500000037 0
vertex 193.7226938253196 -143.96960500000037 0
endloop
endfacet
facet normal 0 0 -1
outer loop
vertex 201.20929609999743 -109.73857239999978 0
vertex 193.7226938253196 -143.96960500000037 0
vertex 193.72269272714092 -109.73857239999978 0
endloop
endfacet
facet normal 0 0 -1
outer loop
vertex 201.35052959999157 -143.96960500000037 0
vertex 201.11642121355518 -143.9926626635181 0
vertex 193.72269382605933 -143.9926626635181 0
endloop
endfacet
facet normal 0 0 -1
outer loop
vertex 201.35052959999157 -143.96960500000037 0
vertex 193.72269382605933 -143.9926626635181 0
vertex 193.7226938253196 -143.96960500000037 0
endloop
endfacet
facet normal 0 0 -1
outer loop
vertex 238.99485859999416 -143.96960500000037 0
vertex 238.76075021355825 -143.9926626635181 0
vertex 201.58463798642774 -143.9926626635181 0
endloop
endfacet
facet normal 0 0 -1
outer loop
vertex 238.99485859999416 -143.96960500000037 0
vertex 201.58463798642774 -143.9926626635181 0
vertex 201.35052959999157 -143.96960500000037 0
endloop
endfacet
facet normal 0 0 -1
outer loop
vertex 246.6226923246822 -143.96960500000037 0
vertex 246.62269232394246 -143.9926626635181 0
vertex 239.22896698643004 -143.9926626635181 0
endloop
endfacet
facet normal 0 0 -1
outer loop
vertex 246.6226923246822 -143.96960500000037 0
vertex 239.22896698643004 -143.9926626635181 0
vertex 238.99485859999416 -143.96960500000037 0
endloop
endfacet
facet normal 0 0 -1
outer loop
vertex 201.11642121355518 -143.9926626635181 0
vertex 200.89130948116212 -144.0609495609886 0
vertex 193.72269382825004 -144.0609495609886 0
endloop
endfacet
facet normal 0 0 -1
outer loop
vertex 201.11642121355518 -143.9926626635181 0
vertex 193.72269382825004 -144.0609495609886 0
vertex 193.72269382605933 -143.9926626635181 0
endloop
endfacet
facet normal 0 0 -1
outer loop
vertex 238.76075021355825 -143.9926626635181 0
vertex 238.53563848116556 -144.0609495609886 0
vertex 201.80974971884754 -144.0609495609886 0
endloop
endfacet
facet normal 0 0 -1
outer loop
vertex 238.76075021355825 -143.9926626635181 0
vertex 201.80974971884754 -144.0609495609886 0
vertex 201.58463798642774 -143.9926626635181 0
endloop
endfacet
facet normal 0 0 -1
outer loop
vertex 246.62269232394246 -143.9926626635181 0
vertex 246.62269232175174 -144.0609495609886 0
vertex 239.4540787188494 -144.0609495609886 0
endloop
endfacet
facet normal 0 0 -1
outer loop
vertex 246.62269232394246 -143.9926626635181 0
vertex 239.4540787188494 -144.0609495609886 0
vertex 239.22896698643004 -143.9926626635181 0
endloop
endfacet
facet normal 0 0 -1
outer loop
vertex 200.89130948116212 -144.0609495609886 0
vertex 200.68384532040133 -144.17184146522737 0
vertex 193.72269383180762 -144.17184146522737 0
endloop
endfacet
facet normal 0 0 -1
outer loop
vertex 200.89130948116212 -144.0609495609886 0
vertex 193.72269383180762 -144.17184146522737 0
vertex 193.72269382825004 -144.0609495609886 0
endloop
endfacet
facet normal 0 0 -1
outer loop
vertex 238.53563848116556 -144.0609495609886 0
vertex 238.32817432040247 -144.17184146522737 0
vertex 202.01721387959518 -144.17184146522737 0
endloop
endfacet
facet normal 0 0 -1
outer loop
vertex 238.53563848116556 -144.0609495609886 0
vertex 202.01721387959518 -144.17184146522737 0
vertex 201.80974971884754 -144.0609495609886 0
endloop
endfacet
facet normal 0 0 -1
outer loop
vertex 246.62269232175174 -144.0609495609886 0
vertex 246.62269231819417 -144.17184146522737 0
vertex 239.66154287961288 -144.17184146522737 0
endloop
endfacet
facet normal 0 0 -1
outer loop
vertex 246.62269232175174 -144.0609495609886 0
vertex 239.66154287961288 -144.17184146522737 0
vertex 239.4540787188494 -144.0609495609886 0
endloop
endfacet
facet normal 0 0 -1
outer loop
vertex 200.68384532040133 -144.17184146522737 0
vertex 200.50200146259957 -144.3210768625483 0
vertex 193.72269383659528 -144.3210768625483 0
endloop
endfacet
facet normal 0 0 -1
outer loop
vertex 200.68384532040133 -144.17184146522737 0
vertex 193.72269383659528 -144.3210768625483 0
vertex 193.72269383180762 -144.17184146522737 0
endloop
endfacet
facet normal 0 0 -1
outer loop
vertex 238.32817432040247 -144.17184146522737 0
vertex 238.14633046259448 -144.3210768625483 0
vertex 202.19905773745486 -144.3210768625483 0
endloop
endfacet
facet normal 0 0 -1
outer loop
vertex 238.32817432040247 -144.17184146522737 0
vertex 202.19905773745486 -144.3210768625483 0
vertex 202.01721387959518 -144.17184146522737 0
endloop
endfacet
facet normal 0 0 -1
outer loop
vertex 246.62269231819417 -144.17184146522737 0
vertex 246.6226923134065 -144.3210768625483 0
vertex 239.84338673739097 -144.3210768625483 0
endloop
endfacet
facet normal 0 0 -1
outer loop
vertex 246.62269231819417 -144.17184146522737 0
vertex 239.84338673739097 -144.3210768625483 0
vertex 239.66154287961288 -144.17184146522737 0
endloop
endfacet
facet normal 0 0 -1
outer loop
vertex 200.50200146259957 -144.3210768625483 0
vertex 200.35276606518417 -144.50292072041455 0
vertex 193.7226938424291 -144.50292072041455 0
endloop
endfacet
facet normal 0 0 -1
outer loop
vertex 200.50200146259957 -144.3210768625483 0
vertex 193.7226938424291 -144.50292072041455 0
vertex 193.72269383659528 -144.3210768625483 0
endloop
endfacet
facet normal 0 0 -1
outer loop
vertex 238.14633046259448 -144.3210768625483 0
vertex 237.99709506518428 -144.50292072041455 0
vertex 202.34829313475765 -144.50292072041455 0
endloop
endfacet
facet normal 0 0 -1
outer loop
vertex 238.14633046259448 -144.3210768625483 0
vertex 202.34829313475765 -144.50292072041455 0
vertex 202.19905773745486 -144.3210768625483 0
endloop
endfacet
facet normal 0 0 -1
outer loop
vertex 246.6226923134065 -144.3210768625483 0
vertex 246.6226923075727 -144.50292072041455 0
vertex 239.99262213478426 -144.50292072041455 0
endloop
endfacet
facet normal 0 0 -1
outer loop
vertex 246.6226923134065 -144.3210768625483 0
vertex 239.99262213478426 -144.50292072041455 0
vertex 239.84338673739097 -144.3210768625483 0
endloop
endfacet
facet normal 0 0 -1
outer loop
vertex 200.35276606518417 -144.50292072041455 0
vertex 200.24187416100926 -144.71038488115377 0
vertex 193.72269384908483 -144.71038488115377 0
endloop
endfacet
facet normal 0 0 -1
outer loop
vertex 200.35276606518417 -144.50292072041455 0
vertex 193.72269384908483 -144.71038488115377 0
vertex 193.7226938424291 -144.50292072041455 0
endloop
endfacet
facet normal 0 0 -1
outer loop
vertex 237.99709506518428 -144.50292072041455 0
vertex 237.88620316100983 -144.71038488115377 0
vertex 202.45918503900853 -144.71038488115377 0
endloop
endfacet
facet normal 0 0 -1
outer loop
vertex 237.99709506518428 -144.50292072041455 0
vertex 202.45918503900853 -144.71038488115377 0
vertex 202.34829313475765 -144.50292072041455 0
endloop
endfacet
facet normal 0 0 -1
outer loop
vertex 246.6226923075727 -144.50292072041455 0
vertex 246.62269230091698 -144.71038488115377 0
vertex 240.10351403901007 -144.71038488115377 0
endloop
endfacet
facet normal 0 0 -1
outer loop
vertex 246.6226923075727 -144.50292072041455 0
vertex 240.10351403901007 -144.71038488115377 0
vertex 239.99262213478426 -144.50292072041455 0
endloop
endfacet
facet normal 0 0 -1
outer loop
vertex 200.24187416100926 -144.71038488115377 0
vertex 200.17358726351193 -144.93549661359063 0
vertex 193.72269385630673 -144.93549661359063 0
endloop
endfacet
facet normal 0 0 -1
outer loop
vertex 200.24187416100926 -144.71038488115377 0
vertex 193.72269385630673 -144.93549661359063 0
vertex 193.72269384908483 -144.71038488115377 0
endloop
endfacet
facet normal 0 0 -1
outer loop
vertex 237.88620316100983 -144.71038488115377 0
vertex 237.81791626350582 -144.93549661359063 0
vertex 202.5274719364859 -144.93549661359063 0
endloop
endfacet
facet normal 0 0 -1
outer loop
vertex 237.88620316100983 -144.71038488115377 0
vertex 202.5274719364859 -144.93549661359063 0
vertex 202.45918503900853 -144.71038488115377 0
endloop
endfacet
facet normal 0 0 -1
outer loop
vertex 246.62269230091698 -144.71038488115377 0
vertex 246.62269229369508 -144.93549661359063 0
vertex 240.17180093648588 -144.93549661359063 0
endloop
endfacet
facet normal 0 0 -1
outer loop
vertex 246.62269230091698 -144.71038488115377 0
vertex 240.17180093648588 -144.93549661359063 0
vertex 240.10351403901007 -144.71038488115377 0
endloop
endfacet
facet normal 0 0 -1
outer loop
vertex 200.17358726351193 -144.93549661359063 0
vertex 200.1505296000005 -145.1696049999908 0
vertex 193.72269386381726 -145.1696049999908 0
endloop
endfacet
facet normal 0 0 -1
outer loop
vertex 200.17358726351193 -144.93549661359063 0
vertex 193.72269386381726 -145.1696049999908 0
vertex 193.72269385630673 -144.93549661359063 0
endloop
endfacet
facet normal 0 0 -1
outer loop
vertex 237.81791626350582 -144.93549661359063 0
vertex 237.79485860000221 -145.1696049999908 0
vertex 202.5505295999999 -145.1696049999908 0
endloop
endfacet
facet normal 0 0 -1
outer loop
vertex 237.81791626350582 -144.93549661359063 0
vertex 202.5505295999999 -145.1696049999908 0
vertex 202.5274719364859 -144.93549661359063 0
endloop
endfacet
facet normal 0 0 -1
outer loop
vertex 246.62269229369508 -144.93549661359063 0
vertex 246.6226922861846 -145.1696049999908 0
vertex 240.19485860000012 -145.1696049999908 0
endloop
endfacet
facet normal 0 0 -1
outer loop
vertex 246.62269229369508 -144.93549661359063 0
vertex 240.19485860000012 -145.1696049999908 0
vertex 240.17180093648588 -144.93549661359063 0
endloop
endfacet
facet normal 0 0 -1
outer loop
vertex 200.1505296000005 -145.1696049999908 0
vertex 200.17358726351793 -145.40371338642612 0
vertex 193.72269387132778 -145.40371338642612 0
endloop
endfacet
facet normal 0 0 -1
outer loop
vertex 200.1505296000005 -145.1696049999908 0
vertex 193.72269387132778 -145.40371338642612 0
vertex 193.72269386381726 -145.1696049999908 0
endloop
endfacet
facet normal 0 0 -1
outer loop
vertex 237.79485860000221 -145.1696049999908 0
vertex 237.8179162635177 -145.40371338642612 0
vertex 202.52747193648193 -145.40371338642612 0
endloop
endfacet
facet normal 0 0 -1
outer loop
vertex 237.79485860000221 -145.1696049999908 0
vertex 202.52747193648193 -145.40371338642612 0
vertex 202.5505295999999 -145.1696049999908 0
endloop
endfacet
facet normal 0 0 -1
outer loop
vertex 246.6226922861846 -145.1696049999908 0
vertex 246.62269227867407 -145.40371338642612 0
vertex 240.1718009364824 -145.40371338642612 0
endloop
endfacet
facet normal 0 0 -1
outer loop
vertex 246.6226922861846 -145.1696049999908 0
vertex 240.1718009364824 -145.40371338642612 0
vertex 240.19485860000012 -145.1696049999908 0
endloop
endfacet
facet normal 0 0 -1
outer loop
vertex 200.17358726351793 -145.40371338642612 0
vertex 200.2418741609856 -145.62882511883444 0
vertex 193.72269387854965 -145.62882511883444 0
endloop
endfacet
facet normal 0 0 -1
outer loop
vertex 200.17358726351793 -145.40371338642612 0
vertex 193.72269387854965 -145.62882511883444 0
vertex 193.72269387132778 -145.40371338642612 0
endloop
endfacet
facet normal 0 0 -1
outer loop
vertex 237.8179162635177 -145.40371338642612 0
vertex 237.88620316098445 -145.62882511883444 0
vertex 202.45918503901478 -145.62882511883444 0
endloop
endfacet
facet normal 0 0 -1
outer loop
vertex 237.8179162635177 -145.40371338642612 0
vertex 202.45918503901478 -145.62882511883444 0
vertex 202.52747193648193 -145.40371338642612 0
endloop
endfacet
facet normal 0 0 -1
outer loop
vertex 246.62269227867407 -145.40371338642612 0
vertex 246.62269227145217 -145.62882511883444 0
vertex 240.103514039008 -145.62882511883444 0
endloop
endfacet
facet normal 0 0 -1
outer loop
vertex 246.62269227867407 -145.40371338642612 0
vertex 240.103514039008 -145.62882511883444 0
vertex 240.1718009364824 -145.40371338642612 0
endloop
endfacet
facet normal 0 0 -1
outer loop
vertex 200.2418741609856 -145.62882511883444 0
vertex 200.3527660652354 -145.8362892796261 0
vertex 193.7226938852054 -145.8362892796261 0
endloop
endfacet
facet normal 0 0 -1
outer loop
vertex 200.2418741609856 -145.62882511883444 0
vertex 193.7226938852054 -145.8362892796261 0
vertex 193.72269387854965 -145.62882511883444 0
endloop
endfacet
facet normal 0 0 -1
outer loop
vertex 237.88620316098445 -145.62882511883444 0
vertex 237.99709506523826 -145.8362892796261 0
vertex 202.3482931347623 -145.8362892796261 0
endloop
endfacet
facet normal 0 0 -1
outer loop
vertex 237.88620316098445 -145.62882511883444 0
vertex 202.3482931347623 -145.8362892796261 0
vertex 202.45918503901478 -145.62882511883444 0
endloop
endfacet
facet normal 0 0 -1
outer loop
vertex 246.62269227145217 -145.62882511883444 0
vertex 246.62269226479646 -145.8362892796261 0
vertex 239.9926221347641 -145.8362892796261 0
endloop
endfacet
facet normal 0 0 -1
outer loop
vertex 246.62269227145217 -145.62882511883444 0
vertex 239.9926221347641 -145.8362892796261 0
vertex 240.103514039008 -145.62882511883444 0
endloop
endfacet
facet normal 0 0 -1
outer loop
vertex 200.3527660652354 -145.8362892796261 0
vertex 200.5020014625901 -146.01813313741945 0
vertex 193.7226938910392 -146.01813313741945 0
endloop
endfacet
facet normal 0 0 -1
outer loop
vertex 200.3527660652354 -145.8362892796261 0
vertex 193.7226938910392 -146.01813313741945 0
vertex 193.7226938852054 -145.8362892796261 0
endloop
endfacet
facet normal 0 0 -1
outer loop
vertex 237.99709506523826 -145.8362892796261 0
vertex 238.1463304625717 -146.01813313741945 0
vertex 202.19905773742352 -146.01813313741945 0
endloop
endfacet
facet normal 0 0 -1
outer loop
vertex 237.99709506523826 -145.8362892796261 0
vertex 202.19905773742352 -146.01813313741945 0
vertex 202.3482931347623 -145.8362892796261 0
endloop
endfacet
facet normal 0 0 -1
outer loop
vertex 246.62269226479646 -145.8362892796261 0
vertex 246.62269225896264 -146.01813313741945 0
vertex 239.84338673742337 -146.01813313741945 0
endloop
endfacet
facet normal 0 0 -1
outer loop
vertex 246.62269226479646 -145.8362892796261 0
vertex 239.84338673742337 -146.01813313741945 0
vertex 239.9926221347641 -145.8362892796261 0
endloop
endfacet
facet normal 0 0 -1
outer loop
vertex 200.5020014625901 -146.01813313741945 0
vertex 200.68384532036333 -146.16736853476786 0
vertex 193.72269389582686 -146.16736853476786 0
endloop
endfacet
facet normal 0 0 -1
outer loop
vertex 200.5020014625901 -146.01813313741945 0
vertex 193.72269389582686 -146.16736853476786 0
vertex 193.7226938910392 -146.01813313741945 0
endloop
endfacet
facet normal 0 0 -1
outer loop
vertex 238.1463304625717 -146.01813313741945 0
vertex 238.32817432038328 -146.16736853476786 0
vertex 202.01721387961692 -146.16736853476786 0
endloop
endfacet
facet normal 0 0 -1
outer loop
vertex 238.1463304625717 -146.01813313741945 0
vertex 202.01721387961692 -146.16736853476786 0
vertex 202.19905773742352 -146.01813313741945 0
endloop
endfacet
facet normal 0 0 -1
outer loop
vertex 246.62269225896264 -146.01813313741945 0
vertex 246.62269225417498 -146.16736853476786 0
vertex 239.6615428796213 -146.16736853476786 0
endloop
endfacet
facet normal 0 0 -1
outer loop
vertex 246.62269225896264 -146.01813313741945 0
vertex 239.6615428796213 -146.16736853476786 0
vertex 239.84338673742337 -146.01813313741945 0
endloop
endfacet
facet normal 0 0 -1
outer loop
vertex 200.68384532036333 -146.16736853476786 0
vertex 200.8913094811615 -146.27826043900905 0
vertex 193.72269389938444 -146.27826043900905 0
endloop
endfacet
facet normal 0 0 -1
outer loop
vertex 200.68384532036333 -146.16736853476786 0
vertex 193.72269389938444 -146.27826043900905 0
vertex 193.72269389582686 -146.16736853476786 0
endloop
endfacet
facet normal 0 0 -1
outer loop
vertex 238.32817432038328 -146.16736853476786 0
vertex 238.5356384811513 -146.27826043900905 0
vertex 201.80974971884393 -146.27826043900905 0
endloop
endfacet
facet normal 0 0 -1
outer loop
vertex 238.32817432038328 -146.16736853476786 0
vertex 201.80974971884393 -146.27826043900905 0
vertex 202.01721387961692 -146.16736853476786 0
endloop
endfacet
facet normal 0 0 -1
outer loop
vertex 246.62269225417498 -146.16736853476786 0
vertex 246.6226922506174 -146.27826043900905 0
vertex 239.45407871883793 -146.27826043900905 0
endloop
endfacet
facet normal 0 0 -1
outer loop
vertex 246.62269225417498 -146.16736853476786 0
vertex 239.45407871883793 -146.27826043900905 0
vertex 239.6615428796213 -146.16736853476786 0
endloop
endfacet
facet normal 0 0 -1
outer loop
vertex 200.8913094811615 -146.27826043900905 0
vertex 201.1164212135798 -146.34654733648588 0
vertex 193.72269390157518 -146.34654733648588 0
endloop
endfacet
facet normal 0 0 -1
outer loop
vertex 200.8913094811615 -146.27826043900905 0
vertex 193.72269390157518 -146.34654733648588 0
vertex 193.72269389938444 -146.27826043900905 0
endloop
endfacet
facet normal 0 0 -1
outer loop
vertex 238.5356384811513 -146.27826043900905 0
vertex 238.7607502135915 -146.34654733648588 0
vertex 201.5846379864249 -146.34654733648588 0
endloop
endfacet
facet normal 0 0 -1
outer loop
vertex 238.5356384811513 -146.27826043900905 0
vertex 201.5846379864249 -146.34654733648588 0
vertex 201.80974971884393 -146.27826043900905 0
endloop
endfacet
facet normal 0 0 -1
outer loop
vertex 246.6226922506174 -146.27826043900905 0
vertex 246.6226922484267 -146.34654733648588 0
vertex 239.2289669864303 -146.34654733648588 0
endloop
endfacet
facet normal 0 0 -1
outer loop
vertex 246.6226922506174 -146.27826043900905 0
vertex 239.2289669864303 -146.34654733648588 0
vertex 239.45407871883793 -146.27826043900905 0
endloop
endfacet
facet normal 0 0 -1
outer loop
vertex 201.1164212135798 -146.34654733648588 0
vertex 201.3505295999894 -146.3696049999998 0
vertex 193.7226939023149 -146.3696049999998 0
endloop
endfacet
facet normal 0 0 -1
outer loop
vertex 201.1164212135798 -146.34654733648588 0
vertex 193.7226939023149 -146.3696049999998 0
vertex 193.72269390157518 -146.34654733648588 0
endloop
endfacet
facet normal 0 0 -1
outer loop
vertex 238.7607502135915 -146.34654733648588 0
vertex 238.99485859998856 -146.3696049999998 0
vertex 201.3505295999894 -146.3696049999998 0
endloop
endfacet
facet normal 0 0 -1
outer loop
vertex 238.7607502135915 -146.34654733648588 0
vertex 201.3505295999894 -146.3696049999998 0
vertex 201.5846379864249 -146.34654733648588 0
endloop
endfacet
facet normal 0 0 -1
outer loop
vertex 246.6226922484267 -146.34654733648588 0
vertex 246.62269224768696 -146.3696049999998 0
vertex 238.99485859998856 -146.3696049999998 0
endloop
endfacet
facet normal 0 0 -1
outer loop
vertex 246.6226922484267 -146.34654733648588 0
vertex 238.99485859998856 -146.3696049999998 0
vertex 239.2289669864303 -146.34654733648588 0
endloop
endfacet
facet normal 0 0 -1
outer loop
vertex 201.3505295999894 -146.3696049999998 0
vertex 238.99485859998856 -146.3696049999998 0
vertex 246.62269224768696 -146.3696049999998 0
endloop
endfacet
facet normal 0 0 -1
outer loop
vertex 201.3505295999894 -146.3696049999998 0
vertex 246.62269224768696 -146.3696049999998 0
vertex 246.6226922088051 -147.5815823 0
endloop
endfacet
facet normal 0 0 -1
outer loop
vertex 201.3505295999894 -146.3696049999998 0
vertex 246.6226922088051 -147.5815823 0
vertex 223.6726941 -147.5815823 0
endloop
endfacet
facet normal 0 0 -1
outer loop
vertex 201.3505295999894 -146.3696049999998 0
vertex 223.6726941 -147.5815823 0
vertex 216.6726941 -147.5815823 0
endloop
endfacet
facet normal 0 0 -1
outer loop
vertex 201.3505295999894 -146.3696049999998 0
vertex 216.6726941 -147.5815823 0
vertex 193.72269394119678 -147.5815823 0
endloop
endfacet
facet normal 0 0 -1
outer loop
vertex 201.3505295999894 -146.3696049999998 0
vertex 193.72269394119678 -147.5815823 0
vertex 193.7226939023149 -146.3696049999998 0
endloop
endfacet
facet normal 0 0 -1
outer loop
vertex 216.6726941 -147.5815823 0
vertex 216.6726941 -149.5815823 0
vertex 193.72269400535956 -149.5815823 0
endloop
endfacet
facet normal 0 0 -1
outer loop
vertex 216.6726941 -147.5815823 0
vertex 193.72269400535956 -149.5815823 0
vertex 193.72269394119678 -147.5815823 0
endloop
endfacet
facet normal 0 0 -1
outer loop
vertex 246.6226922088051 -147.5815823 0
vertex 246.62269214464243 -149.5815823 0
vertex 223.6726941 -149.5815823 0
endloop
endfacet
facet normal 0 0 -1
outer loop
vertex 246.6226922088051 -147.5815823 0
vertex 223.6726941 -149.5815823 0
vertex 223.6726941 -147.5815823 0
endloop
endfacet
facet normal 0 0 -1
outer loop
vertex 216.6726941 -149.5815823 0
vertex 223.6726941 -149.5815823 0
vertex 246.62269214464243 -149.5815823 0
endloop
endfacet
facet normal 0 0 -1
outer loop
vertex 216.6726941 -149.5815823 0
vertex 246.62269214464243 -149.5815823 0
vertex 246.62269205000246 -152.53158230000003 0
endloop
endfacet
facet normal 0 0 -1
outer loop
vertex 216.6726941 -149.5815823 0
vertex 246.62269205000246 -152.53158230000003 0
vertex 246.58471143253075 -152.96570159416754 0
endloop
endfacet
facet normal 0 0 -1
outer loop
vertex 216.6726941 -149.5815823 0
vertex 246.58471143253075 -152.96570159416754 0
vertex 246.471923601965 -153.3866315083148 0
endloop
endfacet
facet normal 0 0 -1
outer loop
vertex 216.6726941 -149.5815823 0
vertex 246.471923601965 -153.3866315083148 0
vertex 246.28775555946117 -153.781581149999 0
endloop
endfacet
facet normal 0 0 -1
outer loop
vertex 216.6726941 -149.5815823 0
vertex 246.28775555946117 -153.781581149999 0
vertex 246.10428747336704 -154.04360053253058 0
endloop
endfacet
facet normal 0 0 -1
outer loop
vertex 216.6726941 -149.5815823 0
vertex 246.10428747336704 -154.04360053253058 0
vertex 194.2410964873418 -154.04360053253058 0
endloop
endfacet
facet normal 0 0 -1
outer loop
vertex 216.6726941 -149.5815823 0
vertex 194.2410964873418 -154.04360053253058 0
vertex 194.05762854054103 -153.781581149999 0
endloop
endfacet
facet normal 0 0 -1
outer loop
vertex 216.6726941 -149.5815823 0
vertex 194.05762854054103 -153.781581149999 0
vertex 193.87346049803315 -153.3866315083148 0
endloop
endfacet
facet normal 0 0 -1
outer loop
vertex 216.6726941 -149.5815823 0
vertex 193.87346049803315 -153.3866315083148 0
vertex 193.7606726674677 -152.96570159416754 0
endloop
endfacet
facet normal 0 0 -1
outer loop
vertex 216.6726941 -149.5815823 0
vertex 193.7606726674677 -152.96570159416754 0
vertex 193.72269409999961 -152.53158230000003 0
endloop
endfacet
facet normal 0 0 -1
outer loop
vertex 216.6726941 -149.5815823 0
vertex 193.72269409999961 -152.53158230000003 0
vertex 193.72269400535956 -149.5815823 0
endloop
endfacet
facet normal 0 0 -1
outer loop
vertex 246.10428747336704 -154.04360053253058 0
vertex 246.03780315779764 -154.1385501742165 0
vertex 245.72966107421558 -154.44669225779634 0
endloop
endfacet
facet normal 0 0 -1
outer loop
vertex 246.10428747336704 -154.04360053253058 0
vertex 245.72966107421558 -154.44669225779634 0
vertex 245.3726920500008 -154.69664465946283 0
endloop
endfacet
facet normal 0 0 -1
outer loop
vertex 246.10428747336704 -154.04360053253058 0
vertex 245.3726920500008 -154.69664465946283 0
vertex 244.97774240831416 -154.8808127019646 0
endloop
endfacet
facet normal 0 0 -1
outer loop
vertex 246.10428747336704 -154.04360053253058 0
vertex 244.97774240831416 -154.8808127019646 0
vertex 244.55681249416716 -154.99360053252826 0
endloop
endfacet
facet normal 0 0 -1
outer loop
vertex 246.10428747336704 -154.04360053253058 0
vertex 244.55681249416716 -154.99360053252826 0
vertex 244.12269410000002 -155.03158230000142 0
endloop
endfacet
facet normal 0 0 -1
outer loop
vertex 246.10428747336704 -154.04360053253058 0
vertex 244.12269410000002 -155.03158230000142 0
vertex 196.22269205 -155.03158230000142 0
endloop
endfacet
facet normal 0 0 -1
outer loop
vertex 246.10428747336704 -154.04360053253058 0
vertex 196.22269205 -155.03158230000142 0
vertex 195.78857160583337 -154.99360053252826 0
endloop
endfacet
facet normal 0 0 -1
outer loop
vertex 246.10428747336704 -154.04360053253058 0
vertex 195.78857160583337 -154.99360053252826 0
vertex 195.36764169168802 -154.8808127019646 0
endloop
endfacet
facet normal 0 0 -1
outer loop
vertex 246.10428747336704 -154.04360053253058 0
vertex 195.36764169168802 -154.8808127019646 0
vertex 194.97269205000225 -154.69664465946283 0
endloop
endfacet
facet normal 0 0 -1
outer loop
vertex 246.10428747336704 -154.04360053253058 0
vertex 194.97269205000225 -154.69664465946283 0
vertex 194.61572302578003 -154.44669225779634 0
endloop
endfacet
facet normal 0 0 -1
outer loop
vertex 246.10428747336704 -154.04360053253058 0
vertex 194.61572302578003 -154.44669225779634 0
vertex 194.30758094220067 -154.1385501742165 0
endloop
endfacet
facet normal 0 0 -1
outer loop
vertex 246.10428747336704 -154.04360053253058 0
vertex 194.30758094220067 -154.1385501742165 0
vertex 194.2676907511483 -154.0815823 0
endloop
endfacet
facet normal 0 0 -1
outer loop
vertex 246.10428747336704 -154.04360053253058 0
vertex 194.2676907511483 -154.0815823 0
vertex 194.2410964873418 -154.04360053253058 0
endloop
endfacet
facet normal -2.4008329546632012e-8 -0.9999999999999998 0
outer loop
vertex 244.12269410000002 -155.03158230000142 5.000000000000002
vertex 196.22269205 -155.03158115000238 5.000000000000002
vertex 196.22269205 -155.03158230000142 0
endloop
endfacet
facet normal -2.4008329546632012e-8 -0.9999999999999998 0
outer loop
vertex 244.12269410000002 -155.03158230000142 5.000000000000002
vertex 196.22269205 -155.03158230000142 0
vertex 244.12269410000002 -155.03158230000142 0
endloop
endfacet
facet normal 0.08715877010882883 -0.9961944332273276 0
outer loop
vertex 244.55681249416716 -154.99360053252826 5
vertex 244.12269410000002 -155.03158230000142 5.000000000000002
vertex 244.12269410000002 -155.03158230000142 0
endloop
endfacet
facet normal 0.08715877010882883 -0.9961944332273276 0
outer loop
vertex 244.55681249416716 -154.99360053252826 5
vertex 244.12269410000002 -155.03158230000142 0
vertex 244.55681249416716 -154.99360053252826 0
endloop
endfacet
facet normal 0.2588190451024838 -0.9659258262890783 0
outer loop
vertex 244.97774240831416 -154.8808127019646 5.000000000000002
vertex 244.55681249416716 -154.99360053252826 5
vertex 244.55681249416716 -154.99360053252826 0
endloop
endfacet
facet normal 0.2588190451024838 -0.9659258262890783 0
outer loop
vertex 244.97774240831416 -154.8808127019646 5.000000000000002
vertex 244.55681249416716 -154.99360053252826 0
vertex 244.97774240831416 -154.8808127019646 0
endloop
endfacet
facet normal 0.42261826174069467 -0.9063077870366523 0
outer loop
vertex 245.3726920500008 -154.69664465946283 5.000000000000002
vertex 244.97774240831416 -154.8808127019646 5.000000000000002
vertex 244.97774240831416 -154.8808127019646 0
endloop
endfacet
facet normal 0.42261826174069467 -0.9063077870366523 0
outer loop
vertex 245.3726920500008 -154.69664465946283 5.000000000000002
vertex 244.97774240831416 -154.8808127019646 0
vertex 245.3726920500008 -154.69664465946283 0
endloop
endfacet
facet normal 0.5735764363510599 -0.8191520442889821 0
outer loop
vertex 245.72966107421558 -154.44669225779634 5
vertex 245.3726920500008 -154.69664465946283 5.000000000000002
vertex 245.3726920500008 -154.69664465946283 0
endloop
endfacet
facet normal 0.5735764363510599 -0.8191520442889821 0
outer loop
vertex 245.72966107421558 -154.44669225779634 5
vertex 245.3726920500008 -154.69664465946283 0
vertex 245.72966107421558 -154.44669225779634 0
endloop
endfacet
facet normal 0.7071067811865476 -0.7071067811865476 0
outer loop
vertex 246.03780315779764 -154.1385501742165 5.000000000000002
vertex 245.72966107421558 -154.44669225779634 5
vertex 245.72966107421558 -154.44669225779634 0
endloop
endfacet
facet normal 0.7071067811865476 -0.7071067811865476 0
outer loop
vertex 246.03780315779764 -154.1385501742165 5.000000000000002
vertex 245.72966107421558 -154.44669225779634 0
vertex 246.03780315779764 -154.1385501742165 0
endloop
endfacet
facet normal 0 0 -1
outer loop
vertex 246.28775555946117 -153.78158115000002 5
vertex 246.18326209992924 -153.9308127019665 5
vertex 246.07769244190823 -154.0815810773736 5
endloop
endfacet
facet normal 0 0 -1
outer loop
vertex 246.28775555946117 -153.78158115000002 5
vertex 246.07769244190823 -154.0815810773736 5
vertex 246.03780315779764 -154.1385501742165 5.000000000000002
endloop
endfacet
facet normal 0 0 -1
outer loop
vertex 246.28775555946117 -153.78158115000002 5
vertex 246.03780315779764 -154.1385501742165 5.000000000000002
vertex 246.03780315779764 -154.1385501742165 0
endloop
endfacet
facet normal 0 0 -1
outer loop
vertex 246.28775555946117 -153.78158115000002 5
vertex 246.03780315779764 -154.1385501742165 0
vertex 246.10428747336704 -154.04360053253058 0
endloop
endfacet
facet normal 0 0 -1
outer loop
vertex 246.28775555946117 -153.78158115000002 5
vertex 246.10428747336704 -154.04360053253058 0
vertex 246.28775555946117 -153.781581149999 0
endloop
endfacet
facet normal -0.0008574233021232425 0.0003998230520533249 0.9999995524833039
outer loop
vertex 246.471923601965 -153.38663150831428 5.000000000000002
vertex 246.4206014316175 -153.49669225779758 5
vertex 246.3040467125486 -153.74664465946347 5
endloop
endfacet
facet normal -0.0008574233021232425 0.0003998230520533249 0.9999995524833039
outer loop
vertex 246.471923601965 -153.38663150831428 5.000000000000002
vertex 246.3040467125486 -153.74664465946347 5
vertex 246.28775555946117 -153.78158115000002 5
endloop
endfacet
facet normal -0.0008574233021232425 0.0003998230520533249 0.9999995524833039
outer loop
vertex 246.471923601965 -153.38663150831428 5.000000000000002
vertex 246.28775555946117 -153.78158115000002 5
vertex 246.28775555946117 -153.781581149999 0
endloop
endfacet
facet normal -0.0008574233021232425 0.0003998230520533249 0.9999995524833039
outer loop
vertex 246.471923601965 -153.38663150831428 5.000000000000002
vertex 246.28775555946117 -153.781581149999 0
vertex 246.471923601965 -153.3866315083148 0
endloop
endfacet
facet normal -0.043547124990203086 0.011668416973822676 -0.9989832310656734
outer loop
vertex 246.58471143253075 -152.9657015941674 5.000000000000002
vertex 246.52499933547213 -153.1885501742168 5
vertex 246.471923601965 -153.38663150831428 5.000000000000002
endloop
endfacet
facet normal -0.043547124990203086 0.011668416973822676 -0.9989832310656734
outer loop
vertex 246.58471143253075 -152.9657015941674 5.000000000000002
vertex 246.471923601965 -153.38663150831428 5.000000000000002
vertex 246.471923601965 -153.3866315083148 0
endloop
endfacet
facet normal -0.043547124990203086 0.011668416973822676 -0.9989832310656734
outer loop
vertex 246.58471143253075 -152.9657015941674 5.000000000000002
vertex 246.471923601965 -153.3866315083148 0
vertex 246.58471143253075 -152.96570159416754 0
endloop
endfacet
facet normal -0.0013940494144380198 0.00012196352016955246 0.9999990208750856
outer loop
vertex 246.62269205000246 -152.53158115000022 5
vertex 246.59644545094227 -152.83158115000003 5
vertex 246.58471143253075 -152.9657015941674 5.000000000000002
endloop
endfacet
facet normal -0.0013940494144380198 0.00012196352016955246 0.9999990208750856
outer loop
vertex 246.62269205000246 -152.53158115000022 5
vertex 246.58471143253075 -152.9657015941674 5.000000000000002
vertex 246.58471143253075 -152.96570159416754 0
endloop
endfacet
facet normal -0.0013940494144380198 0.00012196352016955246 0.9999990208750856
outer loop
vertex 246.62269205000246 -152.53158115000022 5
vertex 246.58471143253075 -152.96570159416754 0
vertex 246.62269205000246 -152.53158230000003 0
endloop
endfacet
facet normal 0 0 1
outer loop
vertex 246.6226941000003 -88.63158230000002 5
vertex 246.62269409695392 -88.72653079168589 5
vertex 246.6226940834499 -89.14746070583277 5
endloop
endfacet
facet normal 0 0 1
outer loop
vertex 246.6226941000003 -88.63158230000002 5
vertex 246.6226940834499 -89.14746070583277 5
vertex 246.62269406952268 -89.58158114999995 5
endloop
endfacet
facet normal 0 0 1
outer loop
vertex 246.6226941000003 -88.63158230000002 5
vertex 246.62269406952268 -89.58158114999995 5
vertex 246.62269208047732 -151.58158229999998 5
endloop
endfacet
facet normal 0 0 1
outer loop
vertex 246.6226941000003 -88.63158230000002 5
vertex 246.62269208047732 -151.58158229999998 5
vertex 246.62269206655014 -152.01570159416755 5
endloop
endfacet
facet normal 0 0 1
outer loop
vertex 246.6226941000003 -88.63158230000002 5
vertex 246.62269206655014 -152.01570159416755 5
vertex 246.62269205304614 -152.43663150831352 5
endloop
endfacet
facet normal 0 0 1
outer loop
vertex 246.6226941000003 -88.63158230000002 5
vertex 246.62269205304614 -152.43663150831352 5
vertex 246.62269205000246 -152.53158115000022 5
endloop
endfacet
facet normal 0 0 1
outer loop
vertex 246.6226941000003 -88.63158230000002 5
vertex 246.62269205000246 -152.53158115000022 5
vertex 246.62269205000246 -152.53158230000003 0
endloop
endfacet
facet normal 0 0 1
outer loop
vertex 246.6226941000003 -88.63158230000002 5
vertex 246.62269205000246 -152.53158230000003 0
vertex 246.62269214464243 -149.5815823 0
endloop
endfacet
facet normal 0 0 1
outer loop
vertex 246.6226941000003 -88.63158230000002 5
vertex 246.62269214464243 -149.5815823 0
vertex 246.6226922088051 -147.5815823 0
endloop
endfacet
facet normal 0 0 1
outer loop
vertex 246.6226941000003 -88.63158230000002 5
vertex 246.6226922088051 -147.5815823 0
vertex 246.62269224768696 -146.3696049999998 0
endloop
endfacet
facet normal 0 0 1
outer loop
vertex 246.6226941000003 -88.63158230000002 5
vertex 246.62269224768696 -146.3696049999998 0
vertex 246.6226922484267 -146.34654733648588 0
endloop
endfacet
facet normal 0 0 1
outer loop
vertex 246.6226941000003 -88.63158230000002 5
vertex 246.6226922484267 -146.34654733648588 0
vertex 246.6226922506174 -146.27826043900905 0
endloop
endfacet
facet normal 0 0 1
outer loop
vertex 246.6226941000003 -88.63158230000002 5
vertex 246.6226922506174 -146.27826043900905 0
vertex 246.62269225417498 -146.16736853476786 0
endloop
endfacet
facet normal 0 0 1
outer loop
vertex 246.6226941000003 -88.63158230000002 5
vertex 246.62269225417498 -146.16736853476786 0
vertex 246.62269225896264 -146.01813313741945 0
endloop
endfacet
facet normal 0 0 1
outer loop
vertex 246.6226941000003 -88.63158230000002 5
vertex 246.62269225896264 -146.01813313741945 0
vertex 246.62269226479646 -145.8362892796261 0
endloop
endfacet
facet normal 0 0 1
outer loop
vertex 246.6226941000003 -88.63158230000002 5
vertex 246.62269226479646 -145.8362892796261 0
vertex 246.62269227145217 -145.62882511883444 0
endloop
endfacet
facet normal 0 0 1
outer loop
vertex 246.6226941000003 -88.63158230000002 5
vertex 246.62269227145217 -145.62882511883444 0
vertex 246.62269227867407 -145.40371338642612 0
endloop
endfacet
facet normal 0 0 1
outer loop
vertex 246.6226941000003 -88.63158230000002 5
vertex 246.62269227867407 -145.40371338642612 0
vertex 246.6226922861846 -145.1696049999908 0
endloop
endfacet
facet normal 0 0 1
outer loop
vertex 246.6226941000003 -88.63158230000002 5
vertex 246.6226922861846 -145.1696049999908 0
vertex 246.62269229369508 -144.93549661359063 0
endloop
endfacet
facet normal 0 0 1
outer loop
vertex 246.6226941000003 -88.63158230000002 5
vertex 246.62269229369508 -144.93549661359063 0
vertex 246.62269230091698 -144.71038488115377 0
endloop
endfacet
facet normal 0 0 1
outer loop
vertex 246.6226941000003 -88.63158230000002 5
vertex 246.62269230091698 -144.71038488115377 0
vertex 246.6226923075727 -144.50292072041455 0
endloop
endfacet
facet normal 0 0 1
outer loop
vertex 246.6226941000003 -88.63158230000002 5
vertex 246.6226923075727 -144.50292072041455 0
vertex 246.6226923134065 -144.3210768625483 0
endloop
endfacet
facet normal 0 0 1
outer loop
vertex 246.6226941000003 -88.63158230000002 5
vertex 246.6226923134065 -144.3210768625483 0
vertex 246.62269231819417 -144.17184146522737 0
endloop
endfacet
facet normal 0 0 1
outer loop
vertex 246.6226941000003 -88.63158230000002 5
vertex 246.62269231819417 -144.17184146522737 0
vertex 246.62269232175174 -144.0609495609886 0
endloop
endfacet
facet normal 0 0 1
outer loop
vertex 246.6226941000003 -88.63158230000002 5
vertex 246.62269232175174 -144.0609495609886 0
vertex 246.62269232394246 -143.9926626635181 0
endloop
endfacet
facet normal 0 0 1
outer loop
vertex 246.6226941000003 -88.63158230000002 5
vertex 246.62269232394246 -143.9926626635181 0
vertex 246.6226923246822 -143.96960500000037 0
endloop
endfacet
facet normal 0 0 1
outer loop
vertex 246.6226941000003 -88.63158230000002 5
vertex 246.6226923246822 -143.96960500000037 0
vertex 246.62269342285967 -109.73857239999978 0
endloop
endfacet
facet normal 0 0 1
outer loop
vertex 246.6226941000003 -88.63158230000002 5
vertex 246.62269342285967 -109.73857239999978 0
vertex 246.6226934235994 -109.71551473648442 0
endloop
endfacet
facet normal 0 0 1
outer loop
vertex 246.6226941000003 -88.63158230000002 5
vertex 246.6226934235994 -109.71551473648442 0
vertex 246.62269342579015 -109.64722783900753 0
endloop
endfacet
facet normal 0 0 1
outer loop
vertex 246.6226941000003 -88.63158230000002 5
vertex 246.62269342579015 -109.64722783900753 0
vertex 246.6226934293477 -109.53633593477205 0
endloop
endfacet
facet normal 0 0 1
outer loop
vertex 246.6226941000003 -88.63158230000002 5
vertex 246.6226934293477 -109.53633593477205 0
vertex 246.62269343413536 -109.38710053742152 0
endloop
endfacet
facet normal 0 0 1
outer loop
vertex 246.6226941000003 -88.63158230000002 5
vertex 246.62269343413536 -109.38710053742152 0
vertex 246.62269343996917 -109.20525667962445 0
endloop
endfacet
facet normal 0 0 1
outer loop
vertex 246.6226941000003 -88.63158230000002 5
vertex 246.62269343996917 -109.20525667962445 0
vertex 246.62269344662488 -108.99779251883457 0
endloop
endfacet
facet normal 0 0 1
outer loop
vertex 246.6226941000003 -88.63158230000002 5
vertex 246.62269344662488 -108.99779251883457 0
vertex 246.62269345384678 -108.77268078642534 0
endloop
endfacet
facet normal 0 0 1
outer loop
vertex 246.6226941000003 -88.63158230000002 5
vertex 246.62269345384678 -108.77268078642534 0
vertex 246.6226934613573 -108.53857240000258 0
endloop
endfacet
facet normal 0 0 1
outer loop
vertex 246.6226941000003 -88.63158230000002 5
vertex 246.6226934613573 -108.53857240000258 0
vertex 246.6226934688678 -108.3044640135831 0
endloop
endfacet
facet normal 0 0 1
outer loop
vertex 246.6226941000003 -88.63158230000002 5
vertex 246.6226934688678 -108.3044640135831 0
vertex 246.6226934760897 -108.07935228115846 0
endloop
endfacet
facet normal 0 0 1
outer loop
vertex 246.6226941000003 -88.63158230000002 5
vertex 246.6226934760897 -108.07935228115846 0
vertex 246.6226934827454 -107.87188812039625 0
endloop
endfacet
facet normal 0 0 1
outer loop
vertex 246.6226941000003 -88.63158230000002 5
vertex 246.6226934827454 -107.87188812039625 0
vertex 246.62269348857922 -107.69004426257084 0
endloop
endfacet
facet normal 0 0 1
outer loop
vertex 246.6226941000003 -88.63158230000002 5
vertex 246.62269348857922 -107.69004426257084 0
vertex 246.62269349336688 -107.54080886524059 0
endloop
endfacet
facet normal 0 0 1
outer loop
vertex 246.6226941000003 -88.63158230000002 5
vertex 246.62269349336688 -107.54080886524059 0
vertex 246.62269349692446 -107.4299169609799 0
endloop
endfacet
facet normal 0 0 1
outer loop
vertex 246.6226941000003 -88.63158230000002 5
vertex 246.62269349692446 -107.4299169609799 0
vertex 246.62269349911517 -107.36163006351774 0
endloop
endfacet
facet normal 0 0 1
outer loop
vertex 246.6226941000003 -88.63158230000002 5
vertex 246.62269349911517 -107.36163006351774 0
vertex 246.6226934998549 -107.33857240000012 0
endloop
endfacet
facet normal 0 0 1
outer loop
vertex 246.6226941000003 -88.63158230000002 5
vertex 246.6226934998549 -107.33857240000012 0
vertex 246.6226941000003 -88.63158114999999 0
endloop
endfacet
facet normal -0.0007505890598159546 -0.00006567140416834196 0.9999997161516248
outer loop
vertex 246.58471143252848 -88.1974607058329 5.000000000000002
vertex 246.5964460531963 -88.33158114999999 5
vertex 246.6226941000003 -88.63158230000002 5
endloop
endfacet
facet normal -0.0007505890598159546 -0.00006567140416834196 0.9999997161516248
outer loop
vertex 246.58471143252848 -88.1974607058329 5.000000000000002
vertex 246.6226941000003 -88.63158230000002 5
vertex 246.6226941000003 -88.63158114999999 0
endloop
endfacet
facet normal -0.0007505890598159546 -0.00006567140416834196 0.9999997161516248
outer loop
vertex 246.58471143252848 -88.1974607058329 5.000000000000002
vertex 246.6226941000003 -88.63158114999999 0
vertex 246.58471143252848 -88.19746070583273 0
endloop
endfacet
facet normal -0.0004041573473842218 -0.00010829363484517699 0.9999999124646597
outer loop
vertex 246.4719236019643 -87.77653079168599 5.000000000000002
vertex 246.5249993354664 -87.97461212578395 5
vertex 246.58471143252848 -88.1974607058329 5.000000000000002
endloop
endfacet
facet normal -0.0004041573473842218 -0.00010829363484517699 0.9999999124646597
outer loop
vertex 246.4719236019643 -87.77653079168599 5.000000000000002
vertex 246.58471143252848 -88.1974607058329 5.000000000000002
vertex 246.58471143252848 -88.19746070583273 0
endloop
endfacet
facet normal -0.0004041573473842218 -0.00010829363484517699 0.9999999124646597
outer loop
vertex 246.4719236019643 -87.77653079168599 5.000000000000002
vertex 246.58471143252848 -88.19746070583273 0
vertex 246.4719236019643 -87.77653079168579 0
endloop
endfacet
facet normal 0 0 -1
outer loop
vertex 246.28775555946234 -87.38158114999942 5
vertex 246.3040467125547 -87.41651764053887 5
vertex 246.42060143162152 -87.666470042203 5
endloop
endfacet
facet normal 0 0 -1
outer loop
vertex 246.28775555946234 -87.38158114999942 5
vertex 246.42060143162152 -87.666470042203 5
vertex 246.4719236019643 -87.77653079168599 5.000000000000002
endloop
endfacet
facet normal 0 0 -1
outer loop
vertex 246.28775555946234 -87.38158114999942 5
vertex 246.4719236019643 -87.77653079168599 5.000000000000002
vertex 246.4719236019643 -87.77653079168579 0
endloop
endfacet
facet normal 0 0 -1
outer loop
vertex 246.28775555946234 -87.38158114999942 5
vertex 246.4719236019643 -87.77653079168579 0
vertex 246.28775555946234 -87.38158115000022 0
endloop
endfacet
facet normal 0 0 1
outer loop
vertex 246.03780315779738 -87.02461212578369 5
vertex 246.07769329799717 -87.08158229999945 5
vertex 246.10428761265393 -87.11956176746773 5
endloop
endfacet
facet normal 0 0 1
outer loop
vertex 246.03780315779738 -87.02461212578369 5
vertex 246.10428761265393 -87.11956176746773 5
vertex 246.18326250183563 -87.23234959803503 5
endloop
endfacet
facet normal 0 0 1
outer loop
vertex 246.03780315779738 -87.02461212578369 5
vertex 246.18326250183563 -87.23234959803503 5
vertex 246.28775555946234 -87.38158114999942 5
endloop
endfacet
facet normal 0 0 1
outer loop
vertex 246.03780315779738 -87.02461212578369 5
vertex 246.28775555946234 -87.38158114999942 5
vertex 246.28775555946234 -87.38158115000022 0
endloop
endfacet
facet normal 0 0 1
outer loop
vertex 246.03780315779738 -87.02461212578369 5
vertex 246.28775555946234 -87.38158115000022 0
vertex 246.1042876126539 -87.1195617674695 0
endloop
endfacet
facet normal 0 0 1
outer loop
vertex 246.03780315779738 -87.02461212578369 5
vertex 246.1042876126539 -87.1195617674695 0
vertex 246.07769329799714 -87.0815823 0
endloop
endfacet
facet normal 0 0 1
outer loop
vertex 246.03780315779738 -87.02461212578369 5
vertex 246.07769329799714 -87.0815823 0
vertex 246.03780315779738 -87.02461212578369 0
endloop
endfacet
facet normal 0.7071067811865119 0.707106781186583 0
outer loop
vertex 245.7296610742204 -86.71647004219855 5
vertex 246.03780315779738 -87.02461212578369 5
vertex 246.03780315779738 -87.02461212578369 0
endloop
endfacet
facet normal 0.7071067811865119 0.707106781186583 0
outer loop
vertex 245.7296610742204 -86.71647004219855 5
vertex 246.03780315779738 -87.02461212578369 0
vertex 245.7296610742204 -86.71647004219855 0
endloop
endfacet
facet normal 0.5735764363510809 0.8191520442889675 0
outer loop
vertex 245.3726920499983 -86.46651764054135 5
vertex 245.7296610742204 -86.71647004219855 5
vertex 245.7296610742204 -86.71647004219855 0
endloop
endfacet
facet normal 0.5735764363510809 0.8191520442889675 0
outer loop
vertex 245.3726920499983 -86.46651764054135 5
vertex 245.7296610742204 -86.71647004219855 0
vertex 245.3726920499983 -86.46651764054135 0
endloop
endfacet
facet normal 0.4226182617407695 0.9063077870366173 0
outer loop
vertex 244.97774240830984 -86.28234959804468 5
vertex 245.3726920499983 -86.46651764054135 5
vertex 245.3726920499983 -86.46651764054135 0
endloop
endfacet
facet normal 0.4226182617407695 0.9063077870366173 0
outer loop
vertex 244.97774240830984 -86.28234959804468 5
vertex 245.3726920499983 -86.46651764054135 0
vertex 244.97774240830984 -86.28234959804468 0
endloop
endfacet
facet normal 0.25881904510248777 0.9659258262890772 0
outer loop
vertex 244.5568124941671 -86.16956176747068 5
vertex 244.97774240830984 -86.28234959804468 5
vertex 244.97774240830984 -86.28234959804468 0
endloop
endfacet
facet normal 0.25881904510248777 0.9659258262890772 0
outer loop
vertex 244.5568124941671 -86.16956176747068 5
vertex 244.97774240830984 -86.28234959804468 0
vertex 244.5568124941671 -86.16956176747068 0
endloop
endfacet
facet normal 0.087155742747683 0.9961946980917434 0
outer loop
vertex 244.12269205000024 -86.13158114999777 5.000000000000002
vertex 244.5568124941671 -86.16956176747068 5
vertex 244.5568124941671 -86.16956176747068 0
endloop
endfacet
facet normal 0.087155742747683 0.9961946980917434 0
outer loop
vertex 244.12269205000024 -86.13158114999777 5.000000000000002
vertex 244.5568124941671 -86.16956176747068 0
vertex 244.12269205000024 -86.13158114999777 0
endloop
endfacet
facet normal -2.4008357968341443e-8 0.9999999999999998 0
outer loop
vertex 196.2226941 -86.13158229999885 5.000000000000002
vertex 244.12269205000024 -86.13158114999777 5.000000000000002
vertex 244.12269205000024 -86.13158114999777 0
endloop
endfacet
facet normal -2.4008357968341443e-8 0.9999999999999998 0
outer loop
vertex 196.2226941 -86.13158229999885 5.000000000000002
vertex 244.12269205000024 -86.13158114999777 0
vertex 196.2226941 -86.13158114999777 0
endloop
endfacet
facet normal -0.08715271541269945 0.9961949629446001 0
outer loop
vertex 195.78857160583277 -86.16956176747016 5.000000000000002
vertex 196.2226941 -86.13158229999885 5.000000000000002
vertex 196.2226941 -86.13158114999777 0
endloop
endfacet
facet normal -0.08715271541269945 0.9961949629446001 0
outer loop
vertex 195.78857160583277 -86.16956176747016 5.000000000000002
vertex 196.2226941 -86.13158114999777 0
vertex 195.78857160583277 -86.16956176747068 0
endloop
endfacet
facet normal -0.2588190451024838 0.9659258262890783 0
outer loop
vertex 195.36764169168612 -86.28234959803613 5.000000000000002
vertex 195.78857160583277 -86.16956176747016 5.000000000000002
vertex 195.78857160583277 -86.16956176747068 0
endloop
endfacet
facet normal -0.2588190451024838 0.9659258262890783 0
outer loop
vertex 195.36764169168612 -86.28234959803613 5.000000000000002
vertex 195.78857160583277 -86.16956176747068 0
vertex 195.36764169168612 -86.28234959804468 0
endloop
endfacet
facet normal -0.4226182617407234 0.9063077870366388 0
outer loop
vertex 194.97269204999986 -86.46651764053863 5.000000000000002
vertex 195.36764169168612 -86.28234959803613 5.000000000000002
vertex 195.36764169168612 -86.28234959804468 0
endloop
endfacet
facet normal -0.4226182617407234 0.9063077870366388 0
outer loop
vertex 194.97269204999986 -86.46651764053863 5.000000000000002
vertex 195.36764169168612 -86.28234959804468 0
vertex 194.97269204999986 -86.46651764054135 0
endloop
endfacet
facet normal -0.5735764363510599 0.8191520442889821 0
outer loop
vertex 194.6157230257829 -86.71647004220148 5
vertex 194.97269204999986 -86.46651764053863 5.000000000000002
vertex 194.97269204999986 -86.46651764054135 0
endloop
endfacet
facet normal -0.5735764363510599 0.8191520442889821 0
outer loop
vertex 194.6157230257829 -86.71647004220148 5
vertex 194.97269204999986 -86.46651764054135 0
vertex 194.6157230257829 -86.71647004219855 0
endloop
endfacet
facet normal -0.7071067811865193 0.7071067811865761 0
outer loop
vertex 194.30758094220238 -87.02461212578345 5.000000000000002
vertex 194.6157230257829 -86.71647004220148 5
vertex 194.6157230257829 -86.71647004219855 0
endloop
endfacet
facet normal -0.7071067811865193 0.7071067811865761 0
outer loop
vertex 194.30758094220238 -87.02461212578345 5.000000000000002
vertex 194.6157230257829 -86.71647004219855 0
vertex 194.30758094220238 -87.02461212578369 0
endloop
endfacet
facet normal 0 0 -1
outer loop
vertex 194.0576285405392 -87.38158115000022 5
vertex 194.16212121882373 -87.23234959803503 5
vertex 194.2410963537439 -87.11956176746773 5
endloop
endfacet
facet normal 0 0 -1
outer loop
vertex 194.0576285405392 -87.38158115000022 5
vertex 194.2410963537439 -87.11956176746773 5
vertex 194.26768994591086 -87.08158229999945 5
endloop
endfacet
facet normal 0 0 -1
outer loop
vertex 194.0576285405392 -87.38158115000022 5
vertex 194.26768994591086 -87.08158229999945 5
vertex 194.30758094220238 -87.02461212578345 5.000000000000002
endloop
endfacet
facet normal 0 0 -1
outer loop
vertex 194.0576285405392 -87.38158115000022 5
vertex 194.30758094220238 -87.02461212578345 5.000000000000002
vertex 194.30758094220238 -87.02461212578369 0
endloop
endfacet
facet normal 0 0 -1
outer loop
vertex 194.0576285405392 -87.38158115000022 5
vertex 194.30758094220238 -87.02461212578369 0
vertex 194.26768994591086 -87.0815823 0
endloop
endfacet
facet normal 0 0 -1
outer loop
vertex 194.0576285405392 -87.38158115000022 5
vertex 194.26768994591086 -87.0815823 0
vertex 194.0576285405392 -87.38158115000022 0
endloop
endfacet
facet normal 0 0 -1
outer loop
vertex 193.87346049803514 -87.77653079168579 5
vertex 193.92478266837847 -87.666470042203 5
vertex 194.0413373874453 -87.41651764053887 5
endloop
endfacet
facet normal 0 0 -1
outer loop
vertex 193.87346049803514 -87.77653079168579 5
vertex 194.0413373874453 -87.41651764053887 5
vertex 194.0576285405392 -87.38158115000022 5
endloop
endfacet
facet normal 0 0 -1
outer loop
vertex 193.87346049803514 -87.77653079168579 5
vertex 194.0576285405392 -87.38158115000022 5
vertex 194.0576285405392 -87.38158115000022 0
endloop
endfacet
facet normal 0 0 -1
outer loop
vertex 193.87346049803514 -87.77653079168579 5
vertex 194.0576285405392 -87.38158115000022 0
vertex 193.87346049803514 -87.77653079168579 0
endloop
endfacet
facet normal 0.00014781025553439598 -0.00003960563859917604 0.9999999882917607
outer loop
vertex 193.7606726674696 -88.19746070583273 5.000000000000002
vertex 193.82038476453363 -87.97461212578395 5
vertex 193.87346049803514 -87.77653079168579 5
endloop
endfacet
facet normal 0.00014781025553439598 -0.00003960563859917604 0.9999999882917607
outer loop
vertex 193.7606726674696 -88.19746070583273 5.000000000000002
vertex 193.87346049803514 -87.77653079168579 5
vertex 193.87346049803514 -87.77653079168579 0
endloop
endfacet
facet normal 0.00014781025553439598 -0.00003960563859917604 0.9999999882917607
outer loop
vertex 193.7606726674696 -88.19746070583273 5.000000000000002
vertex 193.87346049803514 -87.77653079168579 0
vertex 193.7606726674696 -88.19746070583273 0
endloop
endfacet
facet normal 0.0005837947357978528 -0.00005107542120912813 0.9999998282874891
outer loop
vertex 193.7226920499996 -88.63158114999999 5.000000000000002
vertex 193.7489386490608 -88.33158114999999 5
vertex 193.7606726674696 -88.19746070583273 5.000000000000002
endloop
endfacet
facet normal 0.0005837947357978528 -0.00005107542120912813 0.9999998282874891
outer loop
vertex 193.7226920499996 -88.63158114999999 5.000000000000002
vertex 193.7606726674696 -88.19746070583273 5.000000000000002
vertex 193.7606726674696 -88.19746070583273 0
endloop
endfacet
facet normal 0.0005837947357978528 -0.00005107542120912813 0.9999998282874891
outer loop
vertex 193.7226920499996 -88.63158114999999 5.000000000000002
vertex 193.7606726674696 -88.19746070583273 0
vertex 193.7226920499996 -88.63158114999999 0
endloop
endfacet
facet normal 0.004190359109406255 1.3443244590886811e-10 0.9999912204067265
outer loop
vertex 193.72269409999961 -152.53158230000003 5.000000000000002
vertex 193.7226940969539 -152.43663150831352 5
vertex 193.72269408344988 -152.01570159416755 5
endloop
endfacet
facet normal 0.004190359109406255 1.3443244590886811e-10 0.9999912204067265
outer loop
vertex 193.72269409999961 -152.53158230000003 5.000000000000002
vertex 193.72269408344988 -152.01570159416755 5
vertex 193.7226940695227 -151.58158229999998 5
endloop
endfacet
facet normal 0.004190359109406255 1.3443244590886811e-10 0.9999912204067265
outer loop
vertex 193.72269409999961 -152.53158230000003 5.000000000000002
vertex 193.7226940695227 -151.58158229999998 5
vertex 193.72269208047737 -89.58158114999995 5
endloop
endfacet
facet normal 0.004190359109406255 1.3443244590886811e-10 0.9999912204067265
outer loop
vertex 193.72269409999961 -152.53158230000003 5.000000000000002
vertex 193.72269208047737 -89.58158114999995 5
vertex 193.72269206655014 -89.14746070583277 5
endloop
endfacet
facet normal 0.004190359109406255 1.3443244590886811e-10 0.9999912204067265
outer loop
vertex 193.72269409999961 -152.53158230000003 5.000000000000002
vertex 193.72269206655014 -89.14746070583277 5
vertex 193.7226920530461 -88.72653079168589 5
endloop
endfacet
facet normal 0.004190359109406255 1.3443244590886811e-10 0.9999912204067265
outer loop
vertex 193.72269409999961 -152.53158230000003 5.000000000000002
vertex 193.7226920530461 -88.72653079168589 5
vertex 193.7226920499996 -88.63158114999999 5.000000000000002
endloop
endfacet
facet normal 0.004190359109406255 1.3443244590886811e-10 0.9999912204067265
outer loop
vertex 193.72269409999961 -152.53158230000003 5.000000000000002
vertex 193.7226920499996 -88.63158114999999 5.000000000000002
vertex 193.7226920499996 -88.63158114999999 0
endloop
endfacet
facet normal 0.004190359109406255 1.3443244590886811e-10 0.9999912204067265
outer loop
vertex 193.72269409999961 -152.53158230000003 5.000000000000002
vertex 193.7226920499996 -88.63158114999999 0
vertex 193.72269265014563 -107.33857240000012 0
endloop
endfacet
facet normal 0.004190359109406255 1.3443244590886811e-10 0.9999912204067265
outer loop
vertex 193.72269409999961 -152.53158230000003 5.000000000000002
vertex 193.72269265014563 -107.33857240000012 0
vertex 193.72269265088534 -107.36163006351774 0
endloop
endfacet
facet normal 0.004190359109406255 1.3443244590886811e-10 0.9999912204067265
outer loop
vertex 193.72269409999961 -152.53158230000003 5.000000000000002
vertex 193.72269265088534 -107.36163006351774 0
vertex 193.72269265307608 -107.4299169609799 0
endloop
endfacet
facet normal 0.004190359109406255 1.3443244590886811e-10 0.9999912204067265
outer loop
vertex 193.72269409999961 -152.53158230000003 5.000000000000002
vertex 193.72269265307608 -107.4299169609799 0
vertex 193.72269265663365 -107.54080886524059 0
endloop
endfacet
facet normal 0.004190359109406255 1.3443244590886811e-10 0.9999912204067265
outer loop
vertex 193.72269409999961 -152.53158230000003 5.000000000000002
vertex 193.72269265663365 -107.54080886524059 0
vertex 193.72269266142132 -107.69004426257084 0
endloop
endfacet
facet normal 0.004190359109406255 1.3443244590886811e-10 0.9999912204067265
outer loop
vertex 193.72269409999961 -152.53158230000003 5.000000000000002
vertex 193.72269266142132 -107.69004426257084 0
vertex 193.72269266725513 -107.87188812039625 0
endloop
endfacet
facet normal 0.004190359109406255 1.3443244590886811e-10 0.9999912204067265
outer loop
vertex 193.72269409999961 -152.53158230000003 5.000000000000002
vertex 193.72269266725513 -107.87188812039625 0
vertex 193.72269267391084 -108.07935228115846 0
endloop
endfacet
facet normal 0.004190359109406255 1.3443244590886811e-10 0.9999912204067265
outer loop
vertex 193.72269409999961 -152.53158230000003 5.000000000000002
vertex 193.72269267391084 -108.07935228115846 0
vertex 193.72269268113274 -108.3044640135831 0
endloop
endfacet
facet normal 0.004190359109406255 1.3443244590886811e-10 0.9999912204067265
outer loop
vertex 193.72269409999961 -152.53158230000003 5.000000000000002
vertex 193.72269268113274 -108.3044640135831 0
vertex 193.72269268864326 -108.53857240000258 0
endloop
endfacet
facet normal 0.004190359109406255 1.3443244590886811e-10 0.9999912204067265
outer loop
vertex 193.72269409999961 -152.53158230000003 5.000000000000002
vertex 193.72269268864326 -108.53857240000258 0
vertex 193.72269269615379 -108.77268078642534 0
endloop
endfacet
facet normal 0.004190359109406255 1.3443244590886811e-10 0.9999912204067265
outer loop
vertex 193.72269409999961 -152.53158230000003 5.000000000000002
vertex 193.72269269615379 -108.77268078642534 0
vertex 193.72269270337569 -108.99779251883457 0
endloop
endfacet
facet normal 0.004190359109406255 1.3443244590886811e-10 0.9999912204067265
outer loop
vertex 193.72269409999961 -152.53158230000003 5.000000000000002
vertex 193.72269270337569 -108.99779251883457 0
vertex 193.72269271003142 -109.20525667962445 0
endloop
endfacet
facet normal 0.004190359109406255 1.3443244590886811e-10 0.9999912204067265
outer loop
vertex 193.72269409999961 -152.53158230000003 5.000000000000002
vertex 193.72269271003142 -109.20525667962445 0
vertex 193.72269271586524 -109.38710053742152 0
endloop
endfacet
facet normal 0.004190359109406255 1.3443244590886811e-10 0.9999912204067265
outer loop
vertex 193.72269409999961 -152.53158230000003 5.000000000000002
vertex 193.72269271586524 -109.38710053742152 0
vertex 193.7226927206529 -109.53633593477205 0
endloop
endfacet
facet normal 0.004190359109406255 1.3443244590886811e-10 0.9999912204067265
outer loop
vertex 193.72269409999961 -152.53158230000003 5.000000000000002
vertex 193.7226927206529 -109.53633593477205 0
vertex 193.72269272421048 -109.64722783900753 0
endloop
endfacet
facet normal 0.004190359109406255 1.3443244590886811e-10 0.9999912204067265
outer loop
vertex 193.72269409999961 -152.53158230000003 5.000000000000002
vertex 193.72269272421048 -109.64722783900753 0
vertex 193.7226927264012 -109.71551473648442 0
endloop
endfacet
facet normal 0.004190359109406255 1.3443244590886811e-10 0.9999912204067265
outer loop
vertex 193.72269409999961 -152.53158230000003 5.000000000000002
vertex 193.7226927264012 -109.71551473648442 0
vertex 193.72269272714092 -109.73857239999978 0
endloop
endfacet
facet normal 0.004190359109406255 1.3443244590886811e-10 0.9999912204067265
outer loop
vertex 193.72269409999961 -152.53158230000003 5.000000000000002
vertex 193.72269272714092 -109.73857239999978 0
vertex 193.7226938253196 -143.96960500000037 0
endloop
endfacet
facet normal 0.004190359109406255 1.3443244590886811e-10 0.9999912204067265
outer loop
vertex 193.72269409999961 -152.53158230000003 5.000000000000002
vertex 193.7226938253196 -143.96960500000037 0
vertex 193.72269382605933 -143.9926626635181 0
endloop
endfacet
facet normal 0.004190359109406255 1.3443244590886811e-10 0.9999912204067265
outer loop
vertex 193.72269409999961 -152.53158230000003 5.000000000000002
vertex 193.72269382605933 -143.9926626635181 0
vertex 193.72269382825004 -144.0609495609886 0
endloop
endfacet
facet normal 0.004190359109406255 1.3443244590886811e-10 0.9999912204067265
outer loop
vertex 193.72269409999961 -152.53158230000003 5.000000000000002
vertex 193.72269382825004 -144.0609495609886 0
vertex 193.72269383180762 -144.17184146522737 0
endloop
endfacet
facet normal 0.004190359109406255 1.3443244590886811e-10 0.9999912204067265
outer loop
vertex 193.72269409999961 -152.53158230000003 5.000000000000002
vertex 193.72269383180762 -144.17184146522737 0
vertex 193.72269383659528 -144.3210768625483 0
endloop
endfacet
facet normal 0.004190359109406255 1.3443244590886811e-10 0.9999912204067265
outer loop
vertex 193.72269409999961 -152.53158230000003 5.000000000000002
vertex 193.72269383659528 -144.3210768625483 0
vertex 193.7226938424291 -144.50292072041455 0
endloop
endfacet
facet normal 0.004190359109406255 1.3443244590886811e-10 0.9999912204067265
outer loop
vertex 193.72269409999961 -152.53158230000003 5.000000000000002
vertex 193.7226938424291 -144.50292072041455 0
vertex 193.72269384908483 -144.71038488115377 0
endloop
endfacet
facet normal 0.004190359109406255 1.3443244590886811e-10 0.9999912204067265
outer loop
vertex 193.72269409999961 -152.53158230000003 5.000000000000002
vertex 193.72269384908483 -144.71038488115377 0
vertex 193.72269385630673 -144.93549661359063 0
endloop
endfacet
facet normal 0.004190359109406255 1.3443244590886811e-10 0.9999912204067265
outer loop
vertex 193.72269409999961 -152.53158230000003 5.000000000000002
vertex 193.72269385630673 -144.93549661359063 0
vertex 193.72269386381726 -145.1696049999908 0
endloop
endfacet
facet normal 0.004190359109406255 1.3443244590886811e-10 0.9999912204067265
outer loop
vertex 193.72269409999961 -152.53158230000003 5.000000000000002
vertex 193.72269386381726 -145.1696049999908 0
vertex 193.72269387132778 -145.40371338642612 0
endloop
endfacet
facet normal 0.004190359109406255 1.3443244590886811e-10 0.9999912204067265
outer loop
vertex 193.72269409999961 -152.53158230000003 5.000000000000002
vertex 193.72269387132778 -145.40371338642612 0
vertex 193.72269387854965 -145.62882511883444 0
endloop
endfacet
facet normal 0.004190359109406255 1.3443244590886811e-10 0.9999912204067265
outer loop
vertex 193.72269409999961 -152.53158230000003 5.000000000000002
vertex 193.72269387854965 -145.62882511883444 0
vertex 193.7226938852054 -145.8362892796261 0
endloop
endfacet
facet normal 0.004190359109406255 1.3443244590886811e-10 0.9999912204067265
outer loop
vertex 193.72269409999961 -152.53158230000003 5.000000000000002
vertex 193.7226938852054 -145.8362892796261 0
vertex 193.7226938910392 -146.01813313741945 0
endloop
endfacet
facet normal 0.004190359109406255 1.3443244590886811e-10 0.9999912204067265
outer loop
vertex 193.72269409999961 -152.53158230000003 5.000000000000002
vertex 193.7226938910392 -146.01813313741945 0
vertex 193.72269389582686 -146.16736853476786 0
endloop
endfacet
facet normal 0.004190359109406255 1.3443244590886811e-10 0.9999912204067265
outer loop
vertex 193.72269409999961 -152.53158230000003 5.000000000000002
vertex 193.72269389582686 -146.16736853476786 0
vertex 193.72269389938444 -146.27826043900905 0
endloop
endfacet
facet normal 0.004190359109406255 1.3443244590886811e-10 0.9999912204067265
outer loop
vertex 193.72269409999961 -152.53158230000003 5.000000000000002
vertex 193.72269389938444 -146.27826043900905 0
vertex 193.72269390157518 -146.34654733648588 0
endloop
endfacet
facet normal 0.004190359109406255 1.3443244590886811e-10 0.9999912204067265
outer loop
vertex 193.72269409999961 -152.53158230000003 5.000000000000002
vertex 193.72269390157518 -146.34654733648588 0
vertex 193.7226939023149 -146.3696049999998 0
endloop
endfacet
facet normal 0.004190359109406255 1.3443244590886811e-10 0.9999912204067265
outer loop
vertex 193.72269409999961 -152.53158230000003 5.000000000000002
vertex 193.7226939023149 -146.3696049999998 0
vertex 193.72269394119678 -147.5815823 0
endloop
endfacet
facet normal 0.004190359109406255 1.3443244590886811e-10 0.9999912204067265
outer loop
vertex 193.72269409999961 -152.53158230000003 5.000000000000002
vertex 193.72269394119678 -147.5815823 0
vertex 193.72269400535956 -149.5815823 0
endloop
endfacet
facet normal 0.004190359109406255 1.3443244590886811e-10 0.9999912204067265
outer loop
vertex 193.72269409999961 -152.53158230000003 5.000000000000002
vertex 193.72269400535956 -149.5815823 0
vertex 193.72269409999961 -152.53158230000003 0
endloop
endfacet
facet normal 5.71477951956434e-8 4.99952760600566e-9 0.9999999999999984
outer loop
vertex 193.7606726674677 -152.96570159416754 5.000000000000002
vertex 193.74893928240022 -152.83158115000003 5
vertex 193.72269409999961 -152.53158230000003 5.000000000000002
endloop
endfacet
facet normal 5.71477951956434e-8 4.99952760600566e-9 0.9999999999999984
outer loop
vertex 193.7606726674677 -152.96570159416754 5.000000000000002
vertex 193.72269409999961 -152.53158230000003 5.000000000000002
vertex 193.72269409999961 -152.53158230000003 0
endloop
endfacet
facet normal 5.71477951956434e-8 4.99952760600566e-9 0.9999999999999984
outer loop
vertex 193.7606726674677 -152.96570159416754 5.000000000000002
vertex 193.72269409999961 -152.53158230000003 0
vertex 193.7606726674677 -152.96570159416754 0
endloop
endfacet
facet normal 0.0009988228243981022 0.0002676337691782815 0.9999994653624227
outer loop
vertex 193.87346049803315 -153.3866315083148 5.000000000000002
vertex 193.8203847645279 -153.1885501742168 5
vertex 193.7606726674677 -152.96570159416754 5.000000000000002
endloop
endfacet
facet normal 0.0009988228243981022 0.0002676337691782815 0.9999994653624227
outer loop
vertex 193.87346049803315 -153.3866315083148 5.000000000000002
vertex 193.7606726674677 -152.96570159416754 5.000000000000002
vertex 193.7606726674677 -152.96570159416754 0
endloop
endfacet
facet normal 0.0009988228243981022 0.0002676337691782815 0.9999994653624227
outer loop
vertex 193.87346049803315 -153.3866315083148 5.000000000000002
vertex 193.7606726674677 -152.96570159416754 0
vertex 193.87346049803315 -153.3866315083148 0
endloop
endfacet
facet normal 0 0 -1
outer loop
vertex 194.05762854054103 -153.781581149999 5
vertex 194.04133738745128 -153.74664465946347 5
vertex 193.92478266838245 -153.49669225779758 5
endloop
endfacet
facet normal 0 0 -1
outer loop
vertex 194.05762854054103 -153.781581149999 5
vertex 193.92478266838245 -153.49669225779758 5
vertex 193.87346049803315 -153.3866315083148 5.000000000000002
endloop
endfacet
facet normal 0 0 -1
outer loop
vertex 194.05762854054103 -153.781581149999 5
vertex 193.87346049803315 -153.3866315083148 5.000000000000002
vertex 193.87346049803315 -153.3866315083148 0
endloop
endfacet
facet normal 0 0 -1
outer loop
vertex 194.05762854054103 -153.781581149999 5
vertex 193.87346049803315 -153.3866315083148 0
vertex 194.05762854054103 -153.781581149999 0
endloop
endfacet
facet normal 0 0 1
outer loop
vertex 194.30758094220067 -154.13855017421767 5
vertex 194.2676907511483 -154.0815810773736 5
vertex 194.24109648734185 -154.0436005325277 5
endloop
endfacet
facet normal 0 0 1
outer loop
vertex 194.30758094220067 -154.13855017421767 5
vertex 194.24109648734185 -154.0436005325277 5
vertex 194.1621215981649 -153.9308127019665 5
endloop
endfacet
facet normal 0 0 1
outer loop
vertex 194.30758094220067 -154.13855017421767 5
vertex 194.1621215981649 -153.9308127019665 5
vertex 194.05762854054103 -153.781581149999 5
endloop
endfacet
facet normal 0 0 1
outer loop
vertex 194.30758094220067 -154.13855017421767 5
vertex 194.05762854054103 -153.781581149999 5
vertex 194.05762854054103 -153.781581149999 0
endloop
endfacet
facet normal 0 0 1
outer loop
vertex 194.30758094220067 -154.13855017421767 5
vertex 194.05762854054103 -153.781581149999 0
vertex 194.2410964873418 -154.04360053253058 0
endloop
endfacet
facet normal 0 0 1
outer loop
vertex 194.30758094220067 -154.13855017421767 5
vertex 194.2410964873418 -154.04360053253058 0
vertex 194.2676907511483 -154.0815823 0
endloop
endfacet
facet normal 0 0 1
outer loop
vertex 194.30758094220067 -154.13855017421767 5
vertex 194.2676907511483 -154.0815823 0
vertex 194.30758094220067 -154.1385501742165 0
endloop
endfacet
facet normal -0.7071067811865617 -0.7071067811865333 0
outer loop
vertex 194.61572302578003 -154.44669225780112 5
vertex 194.30758094220067 -154.13855017421767 5
vertex 194.30758094220067 -154.1385501742165 0
endloop
endfacet
facet normal -0.7071067811865617 -0.7071067811865333 0
outer loop
vertex 194.61572302578003 -154.44669225780112 5
vertex 194.30758094220067 -154.1385501742165 0
vertex 194.61572302578003 -154.44669225779634 0
endloop
endfacet
facet normal -0.5735764363510596 -0.8191520442889824 0
outer loop
vertex 194.97269205000225 -154.69664465945795 5.000000000000002
vertex 194.61572302578003 -154.44669225780112 5
vertex 194.61572302578003 -154.44669225779634 0
endloop
endfacet
facet normal -0.5735764363510596 -0.8191520442889824 0
outer loop
vertex 194.97269205000225 -154.69664465945795 5.000000000000002
vertex 194.61572302578003 -154.44669225779634 0
vertex 194.97269205000225 -154.69664465946283 0
endloop
endfacet
facet normal -0.42261826174066586 -0.9063077870366657 0
outer loop
vertex 195.36764169168802 -154.88081270196028 5.000000000000002
vertex 194.97269205000225 -154.69664465945795 5.000000000000002
vertex 194.97269205000225 -154.69664465946283 0
endloop
endfacet
facet normal -0.42261826174066586 -0.9063077870366657 0
outer loop
vertex 195.36764169168802 -154.88081270196028 5.000000000000002
vertex 194.97269205000225 -154.69664465946283 0
vertex 195.36764169168802 -154.8808127019646 0
endloop
endfacet
facet normal -0.2588190451024838 -0.9659258262890783 0
outer loop
vertex 195.78857160583337 -154.9936005325279 5
vertex 195.36764169168802 -154.88081270196028 5.000000000000002
vertex 195.36764169168802 -154.8808127019646 0
endloop
endfacet
facet normal -0.2588190451024838 -0.9659258262890783 0
outer loop
vertex 195.78857160583337 -154.9936005325279 5
vertex 195.36764169168802 -154.8808127019646 0
vertex 195.78857160583337 -154.99360053252826 0
endloop
endfacet
facet normal -0.087155742747683 -0.9961946980917433 0
outer loop
vertex 196.22269205 -155.03158115000238 5.000000000000002
vertex 195.78857160583337 -154.9936005325279 5
vertex 195.78857160583337 -154.99360053252826 0
endloop
endfacet
facet normal -0.087155742747683 -0.9961946980917433 0
outer loop
vertex 196.22269205 -155.03158115000238 5.000000000000002
vertex 195.78857160583337 -154.99360053252826 0
vertex 196.22269205 -155.03158230000142 0
endloop
endfacet
facet normal 8.121778749836792e-15 -4.6060434404380834e-14 1
outer loop
vertex 244.12269410000002 -155.03158230000142 5.000000000000002
vertex 244.55681249416716 -154.99360053252826 5
vertex 244.97774240831416 -154.8808127019646 5.000000000000002
endloop
endfacet
facet normal 8.121778749836792e-15 -4.6060434404380834e-14 1
outer loop
vertex 244.12269410000002 -155.03158230000142 5.000000000000002
vertex 244.97774240831416 -154.8808127019646 5.000000000000002
vertex 245.3726920500008 -154.69664465946283 5.000000000000002
endloop
endfacet
facet normal 8.121778749836792e-15 -4.6060434404380834e-14 1
outer loop
vertex 244.12269410000002 -155.03158230000142 5.000000000000002
vertex 245.3726920500008 -154.69664465946283 5.000000000000002
vertex 245.72966107421558 -154.44669225779634 5
endloop
endfacet
facet normal 8.121778749836792e-15 -4.6060434404380834e-14 1
outer loop
vertex 244.12269410000002 -155.03158230000142 5.000000000000002
vertex 245.72966107421558 -154.44669225779634 5
vertex 246.03780315779764 -154.1385501742165 5.000000000000002
endloop
endfacet
facet normal 8.121778749836792e-15 -4.6060434404380834e-14 1
outer loop
vertex 244.12269410000002 -155.03158230000142 5.000000000000002
vertex 246.03780315779764 -154.1385501742165 5.000000000000002
vertex 246.07769244190823 -154.0815810773736 5
endloop
endfacet
facet normal 8.121778749836792e-15 -4.6060434404380834e-14 1
outer loop
vertex 244.12269410000002 -155.03158230000142 5.000000000000002
vertex 246.07769244190823 -154.0815810773736 5
vertex 243.17269410000006 -154.0815810773736 5
endloop
endfacet
facet normal 8.121778749836792e-15 -4.6060434404380834e-14 1
outer loop
vertex 244.12269410000002 -155.03158230000142 5.000000000000002
vertex 243.17269410000006 -154.0815810773736 5
vertex 197.17269205000002 -154.0815810773736 5
endloop
endfacet
facet normal 8.121778749836792e-15 -4.6060434404380834e-14 1
outer loop
vertex 244.12269410000002 -155.03158230000142 5.000000000000002
vertex 197.17269205000002 -154.0815810773736 5
vertex 194.2676907511483 -154.0815810773736 5
endloop
endfacet
facet normal 8.121778749836792e-15 -4.6060434404380834e-14 1
outer loop
vertex 244.12269410000002 -155.03158230000142 5.000000000000002
vertex 194.2676907511483 -154.0815810773736 5
vertex 194.30758094220067 -154.13855017421767 5
endloop
endfacet
facet normal 8.121778749836792e-15 -4.6060434404380834e-14 1
outer loop
vertex 244.12269410000002 -155.03158230000142 5.000000000000002
vertex 194.30758094220067 -154.13855017421767 5
vertex 194.61572302578003 -154.44669225780112 5
endloop
endfacet
facet normal 8.121778749836792e-15 -4.6060434404380834e-14 1
outer loop
vertex 244.12269410000002 -155.03158230000142 5.000000000000002
vertex 194.61572302578003 -154.44669225780112 5
vertex 194.97269205000225 -154.69664465945795 5.000000000000002
endloop
endfacet
facet normal 8.121778749836792e-15 -4.6060434404380834e-14 1
outer loop
vertex 244.12269410000002 -155.03158230000142 5.000000000000002
vertex 194.97269205000225 -154.69664465945795 5.000000000000002
vertex 195.36764169168802 -154.88081270196028 5.000000000000002
endloop
endfacet
facet normal 8.121778749836792e-15 -4.6060434404380834e-14 1
outer loop
vertex 244.12269410000002 -155.03158230000142 5.000000000000002
vertex 195.36764169168802 -154.88081270196028 5.000000000000002
vertex 195.78857160583337 -154.9936005325279 5
endloop
endfacet
facet normal 8.121778749836792e-15 -4.6060434404380834e-14 1
outer loop
vertex 244.12269410000002 -155.03158230000142 5.000000000000002
vertex 195.78857160583337 -154.9936005325279 5
vertex 196.22269205 -155.03158115000238 5.000000000000002
endloop
endfacet
facet normal 0 0 1
outer loop
vertex 197.17269205000002 -154.0815810773736 5
vertex 196.73857160583347 -154.0436005325277 5
vertex 194.24109648734185 -154.0436005325277 5
endloop
endfacet
facet normal 0 0 1
outer loop
vertex 197.17269205000002 -154.0815810773736 5
vertex 194.24109648734185 -154.0436005325277 5
vertex 194.2676907511483 -154.0815810773736 5
endloop
endfacet
facet normal 0 0 1
outer loop
vertex 196.73857160583347 -154.0436005325277 5
vertex 196.31764169168508 -153.9308127019665 5
vertex 194.1621215981649 -153.9308127019665 5
endloop
endfacet
facet normal 0 0 1
outer loop
vertex 196.73857160583347 -154.0436005325277 5
vertex 194.1621215981649 -153.9308127019665 5
vertex 194.24109648734185 -154.0436005325277 5
endloop
endfacet
facet normal 0 0 1
outer loop
vertex 244.89593817596935 -153.9308127019665 5
vertex 244.02774240831454 -153.9308127019665 5
vertex 243.6068124941672 -154.0436005325277 5
endloop
endfacet
facet normal 0 0 1
outer loop
vertex 246.07769244190823 -154.0815810773736 5
vertex 246.18326209992924 -153.9308127019665 5
vertex 244.89593817596935 -153.9308127019665 5
endloop
endfacet
facet normal 0 0 1
outer loop
vertex 246.07769244190823 -154.0815810773736 5
vertex 244.89593817596935 -153.9308127019665 5
vertex 243.6068124941672 -154.0436005325277 5
endloop
endfacet
facet normal 0 0 1
outer loop
vertex 246.07769244190823 -154.0815810773736 5
vertex 243.6068124941672 -154.0436005325277 5
vertex 243.17269410000006 -154.0815810773736 5
endloop
endfacet
facet normal 0 0 1
outer loop
vertex 196.31764169168508 -153.9308127019665 5
vertex 195.92269204999835 -153.74664465946347 5
vertex 194.04133738745128 -153.74664465946347 5
endloop
endfacet
facet normal 0 0 1
outer loop
vertex 196.31764169168508 -153.9308127019665 5
vertex 194.04133738745128 -153.74664465946347 5
vertex 194.05762854054103 -153.781581149999 5
endloop
endfacet
facet normal 0 0 1
outer loop
vertex 196.31764169168508 -153.9308127019665 5
vertex 194.05762854054103 -153.781581149999 5
vertex 194.1621215981649 -153.9308127019665 5
endloop
endfacet
facet normal 0 0 1
outer loop
vertex 244.89593817596935 -153.9308127019665 5
vertex 246.18326209992924 -153.9308127019665 5
vertex 246.28775555946117 -153.78158115000002 5
endloop
endfacet
facet normal 0 0 1
outer loop
vertex 244.89593817596935 -153.9308127019665 5
vertex 246.28775555946117 -153.78158115000002 5
vertex 246.3040467125486 -153.74664465946347 5
endloop
endfacet
facet normal 0 0 1
outer loop
vertex 244.89593817596935 -153.9308127019665 5
vertex 246.3040467125486 -153.74664465946347 5
vertex 244.4226920500001 -153.74664465946347 5
endloop
endfacet
facet normal 0 0 1
outer loop
vertex 244.89593817596935 -153.9308127019665 5
vertex 244.4226920500001 -153.74664465946347 5
vertex 244.02774240831454 -153.9308127019665 5
endloop
endfacet
facet normal 0 0 1
outer loop
vertex 195.92269204999835 -153.74664465946347 5
vertex 195.56572302578357 -153.49669225779758 5
vertex 193.92478266838245 -153.49669225779758 5
endloop
endfacet
facet normal 0 0 1
outer loop
vertex 195.92269204999835 -153.74664465946347 5
vertex 193.92478266838245 -153.49669225779758 5
vertex 194.04133738745128 -153.74664465946347 5
endloop
endfacet
facet normal 0 0 1
outer loop
vertex 246.3040467125486 -153.74664465946347 5
vertex 246.4206014316175 -153.49669225779758 5
vertex 244.7796610742166 -153.49669225779758 5
endloop
endfacet
facet normal 0 0 1
outer loop
vertex 246.3040467125486 -153.74664465946347 5
vertex 244.7796610742166 -153.49669225779758 5
vertex 244.4226920500001 -153.74664465946347 5
endloop
endfacet
facet normal 0 0 1
outer loop
vertex 195.56572302578357 -153.49669225779758 5
vertex 195.2575809422019 -153.1885501742168 5
vertex 193.8203847645279 -153.1885501742168 5
endloop
endfacet
facet normal 0 0 1
outer loop
vertex 195.56572302578357 -153.49669225779758 5
vertex 193.8203847645279 -153.1885501742168 5
vertex 193.87346049803315 -153.3866315083148 5.000000000000002
endloop
endfacet
facet normal 0 0 1
outer loop
vertex 195.56572302578357 -153.49669225779758 5
vertex 193.87346049803315 -153.3866315083148 5.000000000000002
vertex 193.92478266838245 -153.49669225779758 5
endloop
endfacet
facet normal 0 0 1
outer loop
vertex 246.4206014316175 -153.49669225779758 5
vertex 246.471923601965 -153.38663150831428 5.000000000000002
vertex 246.52499933547213 -153.1885501742168 5
endloop
endfacet
facet normal 0 0 1
outer loop
vertex 246.4206014316175 -153.49669225779758 5
vertex 246.52499933547213 -153.1885501742168 5
vertex 245.08780315779748 -153.1885501742168 5
endloop
endfacet
facet normal 0 0 1
outer loop
vertex 246.4206014316175 -153.49669225779758 5
vertex 245.08780315779748 -153.1885501742168 5
vertex 244.7796610742166 -153.49669225779758 5
endloop
endfacet
facet normal 0 0 1
outer loop
vertex 195.2575809422019 -153.1885501742168 5
vertex 195.0076285405388 -152.83158115000003 5
vertex 193.74893928240022 -152.83158115000003 5
endloop
endfacet
facet normal 0 0 1
outer loop
vertex 195.2575809422019 -153.1885501742168 5
vertex 193.74893928240022 -152.83158115000003 5
vertex 193.7606726674677 -152.96570159416754 5.000000000000002
endloop
endfacet
facet normal 0 0 1
outer loop
vertex 195.2575809422019 -153.1885501742168 5
vertex 193.7606726674677 -152.96570159416754 5.000000000000002
vertex 193.8203847645279 -153.1885501742168 5
endloop
endfacet
facet normal 0 0 1
outer loop
vertex 246.52499933547213 -153.1885501742168 5
vertex 246.58471143253075 -152.9657015941674 5.000000000000002
vertex 246.59644545094227 -152.83158115000003 5
endloop
endfacet
facet normal 0 0 1
outer loop
vertex 246.52499933547213 -153.1885501742168 5
vertex 246.59644545094227 -152.83158115000003 5
vertex 245.33775555946124 -152.83158115000003 5
endloop
endfacet
facet normal 0 0 1
outer loop
vertex 246.52499933547213 -153.1885501742168 5
vertex 245.33775555946124 -152.83158115000003 5
vertex 245.08780315779748 -153.1885501742168 5
endloop
endfacet
facet normal 0 0 1
outer loop
vertex 195.0076285405388 -152.83158115000003 5
vertex 194.8234604980379 -152.43663150831352 5
vertex 193.7226940969539 -152.43663150831352 5
endloop
endfacet
facet normal 0 0 1
outer loop
vertex 195.0076285405388 -152.83158115000003 5
vertex 193.7226940969539 -152.43663150831352 5
vertex 193.72269409999961 -152.53158230000003 5.000000000000002
endloop
endfacet
facet normal 0 0 1
outer loop
vertex 195.0076285405388 -152.83158115000003 5
vertex 193.72269409999961 -152.53158230000003 5.000000000000002
vertex 193.74893928240022 -152.83158115000003 5
endloop
endfacet
facet normal 0 0 1
outer loop
vertex 246.59644545094227 -152.83158115000003 5
vertex 246.62269205000246 -152.53158115000022 5
vertex 246.62269205304614 -152.43663150831352 5
endloop
endfacet
facet normal 0 0 1
outer loop
vertex 246.59644545094227 -152.83158115000003 5
vertex 246.62269205304614 -152.43663150831352 5
vertex 245.52192360196503 -152.43663150831352 5
endloop
endfacet
facet normal 0 0 1
outer loop
vertex 246.59644545094227 -152.83158115000003 5
vertex 245.52192360196503 -152.43663150831352 5
vertex 245.33775555946124 -152.83158115000003 5
endloop
endfacet
facet normal 0 0 1
outer loop
vertex 194.8234604980379 -152.43663150831352 5
vertex 194.7106726674671 -152.01570159416755 5
vertex 193.72269408344988 -152.01570159416755 5
endloop
endfacet
facet normal 0 0 1
outer loop
vertex 194.8234604980379 -152.43663150831352 5
vertex 193.72269408344988 -152.01570159416755 5
vertex 193.7226940969539 -152.43663150831352 5
endloop
endfacet
facet normal 0 0 1
outer loop
vertex 246.62269205304614 -152.43663150831352 5
vertex 246.62269206655014 -152.01570159416755 5
vertex 245.63471143253162 -152.01570159416755 5
endloop
endfacet
facet normal 0 0 1
outer loop
vertex 246.62269205304614 -152.43663150831352 5
vertex 245.63471143253162 -152.01570159416755 5
vertex 245.52192360196503 -152.43663150831352 5
endloop
endfacet
facet normal 0 0 1
outer loop
vertex 194.7106726674671 -152.01570159416755 5
vertex 194.67269409999906 -151.58158229999998 5
vertex 193.7226940695227 -151.58158229999998 5
endloop
endfacet
facet normal 0 0 1
outer loop
vertex 194.7106726674671 -152.01570159416755 5
vertex 193.7226940695227 -151.58158229999998 5
vertex 193.72269408344988 -152.01570159416755 5
endloop
endfacet
facet normal 0 0 1
outer loop
vertex 246.62269206655014 -152.01570159416755 5
vertex 246.62269208047732 -151.58158229999998 5
vertex 245.67269205000267 -151.58158229999998 5
endloop
endfacet
facet normal 0 0 1
outer loop
vertex 246.62269206655014 -152.01570159416755 5
vertex 245.67269205000267 -151.58158229999998 5
vertex 245.63471143253162 -152.01570159416755 5
endloop
endfacet
facet normal 0 0 1
outer loop
vertex 194.67269409999906 -151.58158229999998 5
vertex 194.67269204999934 -89.58158114999995 5
vertex 193.72269208047737 -89.58158114999995 5
endloop
endfacet
facet normal 0 0 1
outer loop
vertex 194.67269409999906 -151.58158229999998 5
vertex 193.72269208047737 -89.58158114999995 5
vertex 193.7226940695227 -151.58158229999998 5
endloop
endfacet
facet normal 0 0 1
outer loop
vertex 246.62269208047732 -151.58158229999998 5
vertex 246.62269406952268 -89.58158114999995 5
vertex 245.6726941000007 -89.58158114999995 5
endloop
endfacet
facet normal 0 0 1
outer loop
vertex 246.62269208047732 -151.58158229999998 5
vertex 245.6726941000007 -89.58158114999995 5
vertex 245.67269205000267 -151.58158229999998 5
endloop
endfacet
facet normal 0 0 1
outer loop
vertex 194.67269204999934 -89.58158114999995 5
vertex 194.71067266746977 -89.14746070583277 5
vertex 193.72269206655014 -89.14746070583277 5
endloop
endfacet
facet normal 0 0 1
outer loop
vertex 194.67269204999934 -89.58158114999995 5
vertex 193.72269206655014 -89.14746070583277 5
vertex 193.72269208047737 -89.58158114999995 5
endloop
endfacet
facet normal 0 0 1
outer loop
vertex 246.62269406952268 -89.58158114999995 5
vertex 246.6226940834499 -89.14746070583277 5
vertex 245.63471143253128 -89.14746070583277 5
endloop
endfacet
facet normal 0 0 1
outer loop
vertex 246.62269406952268 -89.58158114999995 5
vertex 245.63471143253128 -89.14746070583277 5
vertex 245.6726941000007 -89.58158114999995 5
endloop
endfacet
facet normal 0 0 1
outer loop
vertex 194.71067266746977 -89.14746070583277 5
vertex 194.82346049803533 -88.72653079168589 5
vertex 193.7226920530461 -88.72653079168589 5
endloop
endfacet
facet normal 0 0 1
outer loop
vertex 194.71067266746977 -89.14746070583277 5
vertex 193.7226920530461 -88.72653079168589 5
vertex 193.72269206655014 -89.14746070583277 5
endloop
endfacet
facet normal 0 0 1
outer loop
vertex 246.6226940834499 -89.14746070583277 5
vertex 246.62269409695392 -88.72653079168589 5
vertex 245.5219236019643 -88.72653079168589 5
endloop
endfacet
facet normal 0 0 1
outer loop
vertex 246.6226940834499 -89.14746070583277 5
vertex 245.5219236019643 -88.72653079168589 5
vertex 245.63471143253128 -89.14746070583277 5
endloop
endfacet
facet normal 0 0 1
outer loop
vertex 194.82346049803533 -88.72653079168589 5
vertex 195.0076285405389 -88.33158114999999 5
vertex 193.7489386490608 -88.33158114999999 5
endloop
endfacet
facet normal 0 0 1
outer loop
vertex 194.82346049803533 -88.72653079168589 5
vertex 193.7489386490608 -88.33158114999999 5
vertex 193.7226920499996 -88.63158114999999 5.000000000000002
endloop
endfacet
facet normal 0 0 1
outer loop
vertex 194.82346049803533 -88.72653079168589 5
vertex 193.7226920499996 -88.63158114999999 5.000000000000002
vertex 193.7226920530461 -88.72653079168589 5
endloop
endfacet
facet normal 0 0 1
outer loop
vertex 246.62269409695392 -88.72653079168589 5
vertex 246.6226941000003 -88.63158230000002 5
vertex 246.5964460531963 -88.33158114999999 5
endloop
endfacet
facet normal 0 0 1
outer loop
vertex 246.62269409695392 -88.72653079168589 5
vertex 246.5964460531963 -88.33158114999999 5
vertex 245.3377555594589 -88.33158114999999 5
endloop
endfacet
facet normal 0 0 1
outer loop
vertex 246.62269409695392 -88.72653079168589 5
vertex 245.3377555594589 -88.33158114999999 5
vertex 245.5219236019643 -88.72653079168589 5
endloop
endfacet
facet normal 0 0 1
outer loop
vertex 195.0076285405389 -88.33158114999999 5
vertex 195.25758094220288 -87.97461212578395 5
vertex 193.82038476453363 -87.97461212578395 5
endloop
endfacet
facet normal 0 0 1
outer loop
vertex 195.0076285405389 -88.33158114999999 5
vertex 193.82038476453363 -87.97461212578395 5
vertex 193.7606726674696 -88.19746070583273 5.000000000000002
endloop
endfacet
facet normal 0 0 1
outer loop
vertex 195.0076285405389 -88.33158114999999 5
vertex 193.7606726674696 -88.19746070583273 5.000000000000002
vertex 193.7489386490608 -88.33158114999999 5
endloop
endfacet
facet normal 0 0 1
outer loop
vertex 246.5964460531963 -88.33158114999999 5
vertex 246.58471143252848 -88.1974607058329 5.000000000000002
vertex 246.5249993354664 -87.97461212578395 5
endloop
endfacet
facet normal 0 0 1
outer loop
vertex 246.5964460531963 -88.33158114999999 5
vertex 246.5249993354664 -87.97461212578395 5
vertex 245.08780315780098 -87.97461212578395 5
endloop
endfacet
facet normal 0 0 1
outer loop
vertex 246.5964460531963 -88.33158114999999 5
vertex 245.08780315780098 -87.97461212578395 5
vertex 245.3377555594589 -88.33158114999999 5
endloop
endfacet
facet normal 0 0 1
outer loop
vertex 195.25758094220288 -87.97461212578395 5
vertex 195.56572302578397 -87.666470042203 5
vertex 193.92478266837847 -87.666470042203 5
endloop
endfacet
facet normal 0 0 1
outer loop
vertex 195.25758094220288 -87.97461212578395 5
vertex 193.92478266837847 -87.666470042203 5
vertex 193.87346049803514 -87.77653079168579 5
endloop
endfacet
facet normal 0 0 1
outer loop
vertex 195.25758094220288 -87.97461212578395 5
vertex 193.87346049803514 -87.77653079168579 5
vertex 193.82038476453363 -87.97461212578395 5
endloop
endfacet
facet normal 0 0 1
outer loop
vertex 246.5249993354664 -87.97461212578395 5
vertex 246.4719236019643 -87.77653079168599 5.000000000000002
vertex 246.42060143162152 -87.666470042203 5
endloop
endfacet
facet normal 0 0 1
outer loop
vertex 246.5249993354664 -87.97461212578395 5
vertex 246.42060143162152 -87.666470042203 5
vertex 244.77966107422213 -87.666470042203 5
endloop
endfacet
facet normal 0 0 1
outer loop
vertex 246.5249993354664 -87.97461212578395 5
vertex 244.77966107422213 -87.666470042203 5
vertex 245.08780315780098 -87.97461212578395 5
endloop
endfacet
facet normal 0 0 1
outer loop
vertex 195.56572302578397 -87.666470042203 5
vertex 195.92269205 -87.41651764053887 5
vertex 194.0413373874453 -87.41651764053887 5
endloop
endfacet
facet normal 0 0 1
outer loop
vertex 195.56572302578397 -87.666470042203 5
vertex 194.0413373874453 -87.41651764053887 5
vertex 193.92478266837847 -87.666470042203 5
endloop
endfacet
facet normal 0 0 1
outer loop
vertex 246.42060143162152 -87.666470042203 5
vertex 246.3040467125547 -87.41651764053887 5
vertex 244.42269205000284 -87.41651764053887 5
endloop
endfacet
facet normal 0 0 1
outer loop
vertex 246.42060143162152 -87.666470042203 5
vertex 244.42269205000284 -87.41651764053887 5
vertex 244.77966107422213 -87.666470042203 5
endloop
endfacet
facet normal 0 0 1
outer loop
vertex 195.92269205 -87.41651764053887 5
vertex 196.31764169168574 -87.23234959803503 5
vertex 194.16212121882373 -87.23234959803503 5
endloop
endfacet
facet normal 0 0 1
outer loop
vertex 195.92269205 -87.41651764053887 5
vertex 194.16212121882373 -87.23234959803503 5
vertex 194.0576285405392 -87.38158115000022 5
endloop
endfacet
facet normal 0 0 1
outer loop
vertex 195.92269205 -87.41651764053887 5
vertex 194.0576285405392 -87.38158115000022 5
vertex 194.0413373874453 -87.41651764053887 5
endloop
endfacet
facet normal 0 0 1
outer loop
vertex 246.3040467125547 -87.41651764053887 5
vertex 246.28775555946234 -87.38158114999942 5
vertex 246.18326250183563 -87.23234959803503 5
endloop
endfacet
facet normal 0 0 1
outer loop
vertex 246.3040467125547 -87.41651764053887 5
vertex 246.18326250183563 -87.23234959803503 5
vertex 244.02774240831403 -87.23234959803503 5
endloop
endfacet
facet normal 0 0 1
outer loop
vertex 246.3040467125547 -87.41651764053887 5
vertex 244.02774240831403 -87.23234959803503 5
vertex 244.42269205000284 -87.41651764053887 5
endloop
endfacet
facet normal 0 0 1
outer loop
vertex 196.31764169168574 -87.23234959803503 5
vertex 196.73857160583253 -87.11956176746773 5
vertex 194.2410963537439 -87.11956176746773 5
endloop
endfacet
facet normal 0 0 1
outer loop
vertex 196.31764169168574 -87.23234959803503 5
vertex 194.2410963537439 -87.11956176746773 5
vertex 194.16212121882373 -87.23234959803503 5
endloop
endfacet
facet normal 0 0 1
outer loop
vertex 246.18326250183563 -87.23234959803503 5
vertex 246.10428761265393 -87.11956176746773 5
vertex 243.6068124941674 -87.11956176746773 5
endloop
endfacet
facet normal 0 0 1
outer loop
vertex 246.18326250183563 -87.23234959803503 5
vertex 243.6068124941674 -87.11956176746773 5
vertex 244.02774240831403 -87.23234959803503 5
endloop
endfacet
facet normal 0 0 1
outer loop
vertex 196.73857160583253 -87.11956176746773 5
vertex 197.1726941 -87.08158229999945 5
vertex 194.26768994591086 -87.08158229999945 5
endloop
endfacet
facet normal 0 0 1
outer loop
vertex 196.73857160583253 -87.11956176746773 5
vertex 194.26768994591086 -87.08158229999945 5
vertex 194.2410963537439 -87.11956176746773 5
endloop
endfacet
facet normal 0 0 1
outer loop
vertex 246.10428761265393 -87.11956176746773 5
vertex 246.07769329799717 -87.08158229999945 5
vertex 243.17269205000025 -87.08158229999945 5
endloop
endfacet
facet normal 0 0 1
outer loop
vertex 246.10428761265393 -87.11956176746773 5
vertex 243.17269205000025 -87.08158229999945 5
vertex 243.6068124941674 -87.11956176746773 5
endloop
endfacet
facet normal 0 0 1
outer loop
vertex 197.1726941 -87.08158229999945 5
vertex 243.17269205000025 -87.08158229999945 5
vertex 246.07769329799717 -87.08158229999945 5
endloop
endfacet
facet normal 0 0 1
outer loop
vertex 197.1726941 -87.08158229999945 5
vertex 246.07769329799717 -87.08158229999945 5
vertex 246.03780315779738 -87.02461212578369 5
endloop
endfacet
facet normal 0 0 1
outer loop
vertex 197.1726941 -87.08158229999945 5
vertex 246.03780315779738 -87.02461212578369 5
vertex 245.7296610742204 -86.71647004219855 5
endloop
endfacet
facet normal 0 0 1
outer loop
vertex 197.1726941 -87.08158229999945 5
vertex 245.7296610742204 -86.71647004219855 5
vertex 245.3726920499983 -86.46651764054135 5
endloop
endfacet
facet normal 0 0 1
outer loop
vertex 197.1726941 -87.08158229999945 5
vertex 245.3726920499983 -86.46651764054135 5
vertex 244.97774240830984 -86.28234959804468 5
endloop
endfacet
facet normal 0 0 1
outer loop
vertex 197.1726941 -87.08158229999945 5
vertex 244.97774240830984 -86.28234959804468 5
vertex 244.5568124941671 -86.16956176747068 5
endloop
endfacet
facet normal 0 0 1
outer loop
vertex 197.1726941 -87.08158229999945 5
vertex 244.5568124941671 -86.16956176747068 5
vertex 244.12269205000024 -86.13158114999777 5.000000000000002
endloop
endfacet
facet normal 0 0 1
outer loop
vertex 197.1726941 -87.08158229999945 5
vertex 244.12269205000024 -86.13158114999777 5.000000000000002
vertex 196.2226941 -86.13158229999885 5.000000000000002
endloop
endfacet
facet normal 0 0 1
outer loop
vertex 197.1726941 -87.08158229999945 5
vertex 196.2226941 -86.13158229999885 5.000000000000002
vertex 195.78857160583277 -86.16956176747016 5.000000000000002
endloop
endfacet
facet normal 0 0 1
outer loop
vertex 197.1726941 -87.08158229999945 5
vertex 195.78857160583277 -86.16956176747016 5.000000000000002
vertex 195.36764169168612 -86.28234959803613 5.000000000000002
endloop
endfacet
facet normal 0 0 1
outer loop
vertex 197.1726941 -87.08158229999945 5
vertex 195.36764169168612 -86.28234959803613 5.000000000000002
vertex 194.97269204999986 -86.46651764053863 5.000000000000002
endloop
endfacet
facet normal 0 0 1
outer loop
vertex 197.1726941 -87.08158229999945 5
vertex 194.97269204999986 -86.46651764053863 5.000000000000002
vertex 194.6157230257829 -86.71647004220148 5
endloop
endfacet
facet normal 0 0 1
outer loop
vertex 197.1726941 -87.08158229999945 5
vertex 194.6157230257829 -86.71647004220148 5
vertex 194.30758094220238 -87.02461212578345 5.000000000000002
endloop
endfacet
facet normal 0 0 1
outer loop
vertex 197.1726941 -87.08158229999945 5
vertex 194.30758094220238 -87.02461212578345 5.000000000000002
vertex 194.26768994591086 -87.08158229999945 5
endloop
endfacet
facet normal 2.499999141036824e-8 0.9999999999999997 0
outer loop
vertex 197.17269205000002 -154.0815810773736 5
vertex 243.17269410000006 -154.0815810773736 5
vertex 243.17269410000023 -154.0815823 1
endloop
endfacet
facet normal 2.499999141036824e-8 0.9999999999999997 0
outer loop
vertex 197.17269205000002 -154.0815810773736 5
vertex 243.17269410000023 -154.0815823 1
vertex 197.1726920499998 -154.08158115 1
endloop
endfacet
facet normal -0.08715877010882883 0.9961944332273276 0
outer loop
vertex 243.17269410000006 -154.0815810773736 5
vertex 243.6068124941672 -154.0436005325277 5
vertex 243.60681249416712 -154.04360053253055 1
endloop
endfacet
facet normal -0.08715877010882883 0.9961944332273276 0
outer loop
vertex 243.17269410000006 -154.0815810773736 5
vertex 243.60681249416712 -154.04360053253055 1
vertex 243.17269410000023 -154.0815823 1
endloop
endfacet
facet normal -0.2588190451024838 0.9659258262890784 0
outer loop
vertex 243.6068124941672 -154.0436005325277 5
vertex 244.02774240831454 -153.9308127019665 5
vertex 244.0277424083143 -153.93081270196473 1
endloop
endfacet
facet normal -0.2588190451024838 0.9659258262890784 0
outer loop
vertex 243.6068124941672 -154.0436005325277 5
vertex 244.0277424083143 -153.93081270196473 1
vertex 243.60681249416712 -154.04360053253055 1
endloop
endfacet
facet normal -0.42261826174069467 0.9063077870366524 0
outer loop
vertex 244.02774240831454 -153.9308127019665 5
vertex 244.4226920500001 -153.74664465946347 5
vertex 244.42269204999974 -153.74664465946125 1
endloop
endfacet
facet normal -0.42261826174069467 0.9063077870366524 0
outer loop
vertex 244.02774240831454 -153.9308127019665 5
vertex 244.42269204999974 -153.74664465946125 1
vertex 244.0277424083143 -153.93081270196473 1
endloop
endfacet
facet normal -0.5735764363510599 0.8191520442889821 0
outer loop
vertex 244.4226920500001 -153.74664465946347 5
vertex 244.7796610742166 -153.49669225779758 5
vertex 244.77966107421634 -153.49669225779743 1
endloop
endfacet
facet normal -0.5735764363510599 0.8191520442889821 0
outer loop
vertex 244.4226920500001 -153.74664465946347 5
vertex 244.77966107421634 -153.49669225779743 1
vertex 244.42269204999974 -153.74664465946125 1
endloop
endfacet
facet normal -0.7071067811865334 0.7071067811865618 0
outer loop
vertex 244.7796610742166 -153.49669225779758 5
vertex 245.08780315779748 -153.1885501742168 5
vertex 245.08780315779742 -153.18855017421635 1
endloop
endfacet
facet normal -0.7071067811865334 0.7071067811865618 0
outer loop
vertex 244.7796610742166 -153.49669225779758 5
vertex 245.08780315779742 -153.18855017421635 1
vertex 244.77966107421634 -153.49669225779743 1
endloop
endfacet
facet normal -0.8191520442889821 0.5735764363510599 0
outer loop
vertex 245.08780315779748 -153.1885501742168 5
vertex 245.33775555946124 -152.83158115000003 5
vertex 245.33775555946102 -152.8315811500001 1
endloop
endfacet
facet normal -0.8191520442889821 0.5735764363510599 0
outer loop
vertex 245.08780315779748 -153.1885501742168 5
vertex 245.33775555946102 -152.8315811500001 1
vertex 245.08780315779742 -153.18855017421635 1
endloop
endfacet
facet normal -0.9063077870366524 0.42261826174069467 0
outer loop
vertex 245.33775555946124 -152.83158115000003 5
vertex 245.52192360196503 -152.43663150831352 5
vertex 245.52192360196477 -152.4366315083141 1
endloop
endfacet
facet normal -0.9063077870366524 0.42261826174069467 0
outer loop
vertex 245.33775555946124 -152.83158115000003 5
vertex 245.52192360196477 -152.4366315083141 1
vertex 245.33775555946102 -152.8315811500001 1
endloop
endfacet
facet normal -0.9659258262890784 0.2588190451024838 0
outer loop
vertex 245.52192360196503 -152.43663150831352 5
vertex 245.63471143253162 -152.01570159416755 5
vertex 245.63471143253054 -152.0157015941671 1
endloop
endfacet
facet normal -0.9659258262890784 0.2588190451024838 0
outer loop
vertex 245.52192360196503 -152.43663150831352 5
vertex 245.63471143253054 -152.0157015941671 1
vertex 245.52192360196477 -152.4366315083141 1
endloop
endfacet
facet normal -0.9961946980917459 0.08715574274765463 0
outer loop
vertex 245.63471143253162 -152.01570159416755 5
vertex 245.67269205000267 -151.58158229999998 5
vertex 245.67269205000002 -151.5815811499999 1
endloop
endfacet
facet normal -0.9961946980917459 0.08715574274765463 0
outer loop
vertex 245.63471143253162 -152.01570159416755 5
vertex 245.67269205000002 -151.5815811499999 1
vertex 245.63471143253054 -152.0157015941671 1
endloop
endfacet
facet normal -0.9999999999999994 3.3064483985013254e-8 1.6102421529730093e-13
outer loop
vertex 245.67269205000267 -151.58158229999998 5
vertex 245.6726941000007 -89.58158114999995 5
vertex 245.67269410000003 -89.5815823000002 1
endloop
endfacet
facet normal -0.9999999999999994 3.3064483985013254e-8 1.6102421529730093e-13
outer loop
vertex 245.67269205000267 -151.58158229999998 5
vertex 245.67269410000003 -89.5815823000002 1
vertex 245.67269351287374 -107.33857240000074 1
endloop
endfacet
facet normal -0.9999999999999994 3.3064483985013254e-8 1.6102421529730093e-13
outer loop
vertex 245.67269205000267 -151.58158229999998 5
vertex 245.67269351287374 -107.33857240000074 1
vertex 245.67269351211135 -107.36163006351563 1
endloop
endfacet
facet normal -0.9999999999999994 3.3064483985013254e-8 1.6102421529730093e-13
outer loop
vertex 245.67269205000267 -151.58158229999998 5
vertex 245.67269351211135 -107.36163006351563 1
vertex 245.67269350985347 -107.42991696098724 1
endloop
endfacet
facet normal -0.9999999999999994 3.3064483985013254e-8 1.6102421529730093e-13
outer loop
vertex 245.67269205000267 -151.58158229999998 5
vertex 245.67269350985347 -107.42991696098724 1
vertex 245.67269350618687 -107.54080886523923 1
endloop
endfacet
facet normal -0.9999999999999994 3.3064483985013254e-8 1.6102421529730093e-13
outer loop
vertex 245.67269205000267 -151.58158229999998 5
vertex 245.67269350618687 -107.54080886523923 1
vertex 245.6726935012525 -107.69004426257632 1
endloop
endfacet
facet normal -0.9999999999999994 3.3064483985013254e-8 1.6102421529730093e-13
outer loop
vertex 245.67269205000267 -151.58158229999998 5
vertex 245.6726935012525 -107.69004426257632 1
vertex 245.6726934952399 -107.87188812037672 1
endloop
endfacet
facet normal -0.9999999999999994 3.3064483985013254e-8 1.6102421529730093e-13
outer loop
vertex 245.67269205000267 -151.58158229999998 5
vertex 245.6726934952399 -107.87188812037672 1
vertex 245.6726934883802 -108.07935228116183 1
endloop
endfacet
facet normal -0.9999999999999994 3.3064483985013254e-8 1.6102421529730093e-13
outer loop
vertex 245.67269205000267 -151.58158229999998 5
vertex 245.6726934883802 -108.07935228116183 1
vertex 245.672693480937 -108.30446401358073 1
endloop
endfacet
facet normal -0.9999999999999994 3.3064483985013254e-8 1.6102421529730093e-13
outer loop
vertex 245.67269205000267 -151.58158229999998 5
vertex 245.672693480937 -108.30446401358073 1
vertex 245.67269347319632 -108.5385724 1
endloop
endfacet
facet normal -0.9999999999999994 3.3064483985013254e-8 1.6102421529730093e-13
outer loop
vertex 245.67269205000267 -151.58158229999998 5
vertex 245.67269347319632 -108.5385724 1
vertex 245.67269346545564 -108.7726807864193 1
endloop
endfacet
facet normal -0.9999999999999994 3.3064483985013254e-8 1.6102421529730093e-13
outer loop
vertex 245.67269205000267 -151.58158229999998 5
vertex 245.67269346545564 -108.7726807864193 1
vertex 245.67269345801242 -108.99779251883831 1
endloop
endfacet
facet normal -0.9999999999999994 3.3064483985013254e-8 1.6102421529730093e-13
outer loop
vertex 245.67269205000267 -151.58158229999998 5
vertex 245.67269345801242 -108.99779251883831 1
vertex 245.67269345115272 -109.2052566796235 1
endloop
endfacet
facet normal -0.9999999999999994 3.3064483985013254e-8 1.6102421529730093e-13
outer loop
vertex 245.67269205000267 -151.58158229999998 5
vertex 245.67269345115272 -109.2052566796235 1
vertex 245.67269344514014 -109.38710053742395 1
endloop
endfacet
facet normal -0.9999999999999994 3.3064483985013254e-8 1.6102421529730093e-13
outer loop
vertex 245.67269205000267 -151.58158229999998 5
vertex 245.67269344514014 -109.38710053742395 1
vertex 245.67269344020573 -109.53633593476269 1
endloop
endfacet
facet normal -0.9999999999999994 3.3064483985013254e-8 1.6102421529730093e-13
outer loop
vertex 245.67269205000267 -151.58158229999998 5
vertex 245.67269344020573 -109.53633593476269 1
vertex 245.67269343653916 -109.64722783901571 1
endloop
endfacet
facet normal -0.9999999999999994 3.3064483985013254e-8 1.6102421529730093e-13
outer loop
vertex 245.67269205000267 -151.58158229999998 5
vertex 245.67269343653916 -109.64722783901571 1
vertex 245.67269343428129 -109.71551473648293 1
endloop
endfacet
facet normal -0.9999999999999994 3.3064483985013254e-8 1.6102421529730093e-13
outer loop
vertex 245.67269205000267 -151.58158229999998 5
vertex 245.67269343428129 -109.71551473648293 1
vertex 245.6726934335189 -109.73857239999977 1
endloop
endfacet
facet normal -0.9999999999999994 3.3064483985013254e-8 1.6102421529730093e-13
outer loop
vertex 245.67269205000267 -151.58158229999998 5
vertex 245.6726934335189 -109.73857239999977 1
vertex 245.67269230168634 -143.96960500000057 1
endloop
endfacet
facet normal -0.9999999999999994 3.3064483985013254e-8 1.6102421529730093e-13
outer loop
vertex 245.67269205000267 -151.58158229999998 5
vertex 245.67269230168634 -143.96960500000057 1
vertex 245.67269230092396 -143.99266266351503 1
endloop
endfacet
facet normal -0.9999999999999994 3.3064483985013254e-8 1.6102421529730093e-13
outer loop
vertex 245.67269205000267 -151.58158229999998 5
vertex 245.67269230092396 -143.99266266351503 1
vertex 245.67269229866608 -144.06094956098582 1
endloop
endfacet
facet normal -0.9999999999999994 3.3064483985013254e-8 1.6102421529730093e-13
outer loop
vertex 245.67269205000267 -151.58158229999998 5
vertex 245.67269229866608 -144.06094956098582 1
vertex 245.67269229499948 -144.17184146523704 1
endloop
endfacet
facet normal -0.9999999999999994 3.3064483985013254e-8 1.6102421529730093e-13
outer loop
vertex 245.67269205000267 -151.58158229999998 5
vertex 245.67269229499948 -144.17184146523704 1
vertex 245.6726922900651 -144.32107686257623 1
endloop
endfacet
facet normal -0.9999999999999994 3.3064483985013254e-8 1.6102421529730093e-13
outer loop
vertex 245.67269205000267 -151.58158229999998 5
vertex 245.6726922900651 -144.32107686257623 1
vertex 245.67269228405252 -144.50292072037647 1
endloop
endfacet
facet normal -0.9999999999999994 3.3064483985013254e-8 1.6102421529730093e-13
outer loop
vertex 245.67269205000267 -151.58158229999998 5
vertex 245.67269228405252 -144.50292072037647 1
vertex 245.6726922771928 -144.7103848811618 1
endloop
endfacet
facet normal -0.9999999999999994 3.3064483985013254e-8 1.6102421529730093e-13
outer loop
vertex 245.67269205000267 -151.58158229999998 5
vertex 245.6726922771928 -144.7103848811618 1
vertex 245.6726922697496 -144.93549661358074 1
endloop
endfacet
facet normal -0.9999999999999994 3.3064483985013254e-8 1.6102421529730093e-13
outer loop
vertex 245.67269205000267 -151.58158229999998 5
vertex 245.6726922697496 -144.93549661358074 1
vertex 245.67269226200892 -145.16960499999993 1
endloop
endfacet
facet normal -0.9999999999999994 3.3064483985013254e-8 1.6102421529730093e-13
outer loop
vertex 245.67269205000267 -151.58158229999998 5
vertex 245.67269226200892 -145.16960499999993 1
vertex 245.67269225426824 -145.4037133864192 1
endloop
endfacet
facet normal -0.9999999999999994 3.3064483985013254e-8 1.6102421529730093e-13
outer loop
vertex 245.67269205000267 -151.58158229999998 5
vertex 245.67269225426824 -145.4037133864192 1
vertex 245.67269224682502 -145.62882511883836 1
endloop
endfacet
facet normal -0.9999999999999994 3.3064483985013254e-8 1.6102421529730093e-13
outer loop
vertex 245.67269205000267 -151.58158229999998 5
vertex 245.67269224682502 -145.62882511883836 1
vertex 245.67269223996533 -145.8362892796226 1
endloop
endfacet
facet normal -0.9999999999999994 3.3064483985013254e-8 1.6102421529730093e-13
outer loop
vertex 245.67269205000267 -151.58158229999998 5
vertex 245.67269223996533 -145.8362892796226 1
vertex 245.67269223395274 -146.01813313742778 1
endloop
endfacet
facet normal -0.9999999999999994 3.3064483985013254e-8 1.6102421529730093e-13
outer loop
vertex 245.67269205000267 -151.58158229999998 5
vertex 245.67269223395274 -146.01813313742778 1
vertex 245.67269222901834 -146.1673685347626 1
endloop
endfacet
facet normal -0.9999999999999994 3.3064483985013254e-8 1.6102421529730093e-13
outer loop
vertex 245.67269205000267 -151.58158229999998 5
vertex 245.67269222901834 -146.1673685347626 1
vertex 245.67269222535177 -146.27826043901706 1
endloop
endfacet
facet normal -0.9999999999999994 3.3064483985013254e-8 1.6102421529730093e-13
outer loop
vertex 245.67269205000267 -151.58158229999998 5
vertex 245.67269222535177 -146.27826043901706 1
vertex 245.6726922230939 -146.34654733648287 1
endloop
endfacet
facet normal -0.9999999999999994 3.3064483985013254e-8 1.6102421529730093e-13
outer loop
vertex 245.67269205000267 -151.58158229999998 5
vertex 245.6726922230939 -146.34654733648287 1
vertex 245.6726922223315 -146.36960500000131 1
endloop
endfacet
facet normal -0.9999999999999994 3.3064483985013254e-8 1.6102421529730093e-13
outer loop
vertex 245.67269205000267 -151.58158229999998 5
vertex 245.6726922223315 -146.36960500000131 1
vertex 245.67269218225806 -147.5815823 1
endloop
endfacet
facet normal -0.9999999999999994 3.3064483985013254e-8 1.6102421529730093e-13
outer loop
vertex 245.67269205000267 -151.58158229999998 5
vertex 245.67269218225806 -147.5815823 1
vertex 245.67269211612904 -149.5815823 1
endloop
endfacet
facet normal -0.9999999999999994 3.3064483985013254e-8 1.6102421529730093e-13
outer loop
vertex 245.67269205000267 -151.58158229999998 5
vertex 245.67269211612904 -149.5815823 1
vertex 245.67269205000002 -151.5815811499999 1
endloop
endfacet
facet normal -0.9961943096890231 -0.08716018209716474 0
outer loop
vertex 245.6726941000007 -89.58158114999995 5
vertex 245.63471143253128 -89.14746070583277 5
vertex 245.6347114325305 -89.1474607058326 1
endloop
endfacet
facet normal -0.9961943096890231 -0.08716018209716474 0
outer loop
vertex 245.6726941000007 -89.58158114999995 5
vertex 245.6347114325305 -89.1474607058326 1
vertex 245.67269410000003 -89.5815823000002 1
endloop
endfacet
facet normal -0.9659258262890784 -0.2588190451024838 0
outer loop
vertex 245.63471143253128 -89.14746070583277 5
vertex 245.5219236019643 -88.72653079168589 5
vertex 245.52192360196483 -88.72653079168592 1
endloop
endfacet
facet normal -0.9659258262890784 -0.2588190451024838 0
outer loop
vertex 245.63471143253128 -89.14746070583277 5
vertex 245.52192360196483 -88.72653079168592 1
vertex 245.6347114325305 -89.1474607058326 1
endloop
endfacet
facet normal -0.9063077870366791 -0.42261826174063705 0
outer loop
vertex 245.5219236019643 -88.72653079168589 5
vertex 245.3377555594589 -88.33158114999999 5
vertex 245.33775555946113 -88.33158115000003 1
endloop
endfacet
facet normal -0.9063077870366791 -0.42261826174063705 0
outer loop
vertex 245.5219236019643 -88.72653079168589 5
vertex 245.33775555946113 -88.33158115000003 1
vertex 245.52192360196483 -88.72653079168592 1
endloop
endfacet
facet normal -0.8191520442890001 -0.5735764363510342 0
outer loop
vertex 245.3377555594589 -88.33158114999999 5
vertex 245.08780315780098 -87.97461212578395 5
vertex 245.0878031577974 -87.97461212578358 1
endloop
endfacet
facet normal -0.8191520442890001 -0.5735764363510342 0
outer loop
vertex 245.3377555594589 -88.33158114999999 5
vertex 245.0878031577974 -87.97461212578358 1
vertex 245.33775555946113 -88.33158115000003 1
endloop
endfacet
facet normal -0.7071067811864836 -0.7071067811866115 0
outer loop
vertex 245.08780315780098 -87.97461212578395 5
vertex 244.77966107422213 -87.666470042203 5
vertex 244.7796610742164 -87.6664700422026 1
endloop
endfacet
facet normal -0.7071067811864836 -0.7071067811866115 0
outer loop
vertex 245.08780315780098 -87.97461212578395 5
vertex 244.7796610742164 -87.6664700422026 1
vertex 245.0878031577974 -87.97461212578358 1
endloop
endfacet
facet normal -0.5735764363510261 -0.8191520442890059 0
outer loop
vertex 244.77966107422213 -87.666470042203 5
vertex 244.42269205000284 -87.41651764053887 5
vertex 244.42269205 -87.41651764053891 1
endloop
endfacet
facet normal -0.5735764363510261 -0.8191520442890059 0
outer loop
vertex 244.77966107422213 -87.666470042203 5
vertex 244.42269205 -87.41651764053891 1
vertex 244.7796610742164 -87.6664700422026 1
endloop
endfacet
facet normal -0.4226182617407234 -0.9063077870366388 0
outer loop
vertex 244.42269205000284 -87.41651764053887 5
vertex 244.02774240831403 -87.23234959803503 5
vertex 244.02774240831423 -87.23234959803526 1
endloop
endfacet
facet normal -0.4226182617407234 -0.9063077870366388 0
outer loop
vertex 244.42269205000284 -87.41651764053887 5
vertex 244.02774240831423 -87.23234959803526 1
vertex 244.42269205 -87.41651764053891 1
endloop
endfacet
facet normal -0.2588190451024736 -0.965925826289081 0
outer loop
vertex 244.02774240831403 -87.23234959803503 5
vertex 243.6068124941674 -87.11956176746773 5
vertex 243.60681249416723 -87.11956176746949 1
endloop
endfacet
facet normal -0.2588190451024736 -0.965925826289081 0
outer loop
vertex 244.02774240831403 -87.23234959803503 5
vertex 243.60681249416723 -87.11956176746949 1
vertex 244.02774240831423 -87.23234959803526 1
endloop
endfacet
facet normal -0.08715574274765463 -0.9961946980917459 0
outer loop
vertex 243.6068124941674 -87.11956176746773 5
vertex 243.17269205000025 -87.08158229999945 5
vertex 243.17269205000002 -87.08158115000002 1
endloop
endfacet
facet normal -0.08715574274765463 -0.9961946980917459 0
outer loop
vertex 243.6068124941674 -87.11956176746773 5
vertex 243.17269205000002 -87.08158115000002 1
vertex 243.60681249416723 -87.11956176746949 1
endloop
endfacet
facet normal 2.500001983207767e-8 -0.9999999999999998 0
outer loop
vertex 243.17269205000025 -87.08158229999945 5
vertex 197.1726941 -87.08158229999945 5
vertex 197.1726940999999 -87.08158230000001 1
endloop
endfacet
facet normal 2.500001983207767e-8 -0.9999999999999998 0
outer loop
vertex 243.17269205000025 -87.08158229999945 5
vertex 197.1726940999999 -87.08158230000001 1
vertex 243.17269205000002 -87.08158115000002 1
endloop
endfacet
facet normal 0.08715271541274207 -0.9961949629445963 0
outer loop
vertex 197.1726941 -87.08158229999945 5
vertex 196.73857160583253 -87.11956176746773 5
vertex 196.7385716058326 -87.1195617674695 1
endloop
endfacet
facet normal 0.08715271541274207 -0.9961949629445963 0
outer loop
vertex 197.1726941 -87.08158229999945 5
vertex 196.7385716058326 -87.1195617674695 1
vertex 197.1726940999999 -87.08158230000001 1
endloop
endfacet
facet normal 0.2588190451024838 -0.9659258262890783 0
outer loop
vertex 196.73857160583253 -87.11956176746773 5
vertex 196.31764169168574 -87.23234959803503 5
vertex 196.31764169168588 -87.2323495980352 1
endloop
endfacet
facet normal 0.2588190451024838 -0.9659258262890783 0
outer loop
vertex 196.73857160583253 -87.11956176746773 5
vertex 196.31764169168588 -87.2323495980352 1
vertex 196.7385716058326 -87.1195617674695 1
endloop
endfacet
facet normal 0.4226182617407234 -0.9063077870366388 0
outer loop
vertex 196.31764169168574 -87.23234959803503 5
vertex 195.92269205 -87.41651764053887 5
vertex 195.9226920500001 -87.41651764053887 1
endloop
endfacet
facet normal 0.4226182617407234 -0.9063077870366388 0
outer loop
vertex 196.31764169168574 -87.23234959803503 5
vertex 195.9226920500001 -87.41651764053887 1
vertex 196.31764169168588 -87.2323495980352 1
endloop
endfacet
facet normal 0.5735764363510599 -0.8191520442889821 0
outer loop
vertex 195.92269205 -87.41651764053887 5
vertex 195.56572302578397 -87.666470042203 5
vertex 195.56572302578354 -87.66647004220268 1
endloop
endfacet
facet normal 0.5735764363510599 -0.8191520442889821 0
outer loop
vertex 195.92269205 -87.41651764053887 5
vertex 195.56572302578354 -87.66647004220268 1
vertex 195.9226920500001 -87.41651764053887 1
endloop
endfacet
facet normal 0.7071067811865193 -0.7071067811865761 0
outer loop
vertex 195.56572302578397 -87.666470042203 5
vertex 195.25758094220288 -87.97461212578395 5
vertex 195.25758094220254 -87.97461212578365 1
endloop
endfacet
facet normal 0.7071067811865193 -0.7071067811865761 0
outer loop
vertex 195.56572302578397 -87.666470042203 5
vertex 195.25758094220254 -87.97461212578365 1
vertex 195.56572302578354 -87.66647004220268 1
endloop
endfacet
facet normal 0.8191520442890001 -0.5735764363510342 0
outer loop
vertex 195.25758094220288 -87.97461212578395 5
vertex 195.0076285405389 -88.33158114999999 5
vertex 195.0076285405389 -88.33158115 1
endloop
endfacet
facet normal 0.8191520442890001 -0.5735764363510342 0
outer loop
vertex 195.25758094220288 -87.97461212578395 5
vertex 195.0076285405389 -88.33158115 1
vertex 195.25758094220254 -87.97461212578365 1
endloop
endfacet
facet normal 0.9063077870366524 -0.4226182617406946 0
outer loop
vertex 195.0076285405389 -88.33158114999999 5
vertex 194.82346049803533 -88.72653079168589 5
vertex 194.82346049803527 -88.72653079168573 1
endloop
endfacet
facet normal 0.9063077870366524 -0.4226182617406946 0
outer loop
vertex 195.0076285405389 -88.33158114999999 5
vertex 194.82346049803527 -88.72653079168573 1
vertex 195.0076285405389 -88.33158115 1
endloop
endfacet
facet normal 0.9659258262890783 -0.2588190451024838 0
outer loop
vertex 194.82346049803533 -88.72653079168589 5
vertex 194.71067266746977 -89.14746070583277 5
vertex 194.7106726674695 -89.14746070583273 1
endloop
endfacet
facet normal 0.9659258262890783 -0.2588190451024838 0
outer loop
vertex 194.82346049803533 -88.72653079168589 5
vertex 194.7106726674695 -89.14746070583273 1
vertex 194.82346049803527 -88.72653079168573 1
endloop
endfacet
facet normal 0.9961946980917434 -0.08715574274768315 0
outer loop
vertex 194.71067266746977 -89.14746070583277 5
vertex 194.67269204999934 -89.58158114999995 5
vertex 194.67269205 -89.58158115000022 1
endloop
endfacet
facet normal 0.9961946980917434 -0.08715574274768315 0
outer loop
vertex 194.71067266746977 -89.14746070583277 5
vertex 194.67269205 -89.58158115000022 1
vertex 194.7106726674695 -89.14746070583273 1
endloop
endfacet
facet normal 0.9999999999999994 3.306451103147818e-8 2.3447910380705774e-13
outer loop
vertex 194.67269204999934 -89.58158114999995 5
vertex 194.67269409999906 -151.58158229999998 5
vertex 194.6726941 -151.58158229999987 1
endloop
endfacet
facet normal 0.9999999999999994 3.306451103147818e-8 2.3447910380705774e-13
outer loop
vertex 194.67269204999934 -89.58158114999995 5
vertex 194.6726941 -151.58158229999987 1
vertex 194.67269403387098 -149.5815823 1
endloop
endfacet
facet normal 0.9999999999999994 3.306451103147818e-8 2.3447910380705774e-13
outer loop
vertex 194.67269204999934 -89.58158114999995 5
vertex 194.67269403387098 -149.5815823 1
vertex 194.67269396774196 -147.5815823 1
endloop
endfacet
facet normal 0.9999999999999994 3.306451103147818e-8 2.3447910380705774e-13
outer loop
vertex 194.67269204999934 -89.58158114999995 5
vertex 194.67269396774196 -147.5815823 1
vertex 194.67269392766852 -146.36960500000131 1
endloop
endfacet
facet normal 0.9999999999999994 3.306451103147818e-8 2.3447910380705774e-13
outer loop
vertex 194.67269204999934 -89.58158114999995 5
vertex 194.67269392766852 -146.36960500000131 1
vertex 194.67269392690613 -146.34654733648287 1
endloop
endfacet
facet normal 0.9999999999999994 3.306451103147818e-8 2.3447910380705774e-13
outer loop
vertex 194.67269204999934 -89.58158114999995 5
vertex 194.67269392690613 -146.34654733648287 1
vertex 194.67269392464826 -146.27826043901706 1
endloop
endfacet
facet normal 0.9999999999999994 3.306451103147818e-8 2.3447910380705774e-13
outer loop
vertex 194.67269204999934 -89.58158114999995 5
vertex 194.67269392464826 -146.27826043901706 1
vertex 194.6726939209817 -146.1673685347626 1
endloop
endfacet
facet normal 0.9999999999999994 3.306451103147818e-8 2.3447910380705774e-13
outer loop
vertex 194.67269204999934 -89.58158114999995 5
vertex 194.6726939209817 -146.1673685347626 1
vertex 194.67269391604728 -146.01813313742778 1
endloop
endfacet
facet normal 0.9999999999999994 3.306451103147818e-8 2.3447910380705774e-13
outer loop
vertex 194.67269204999934 -89.58158114999995 5
vertex 194.67269391604728 -146.01813313742778 1
vertex 194.6726939100347 -145.8362892796226 1
endloop
endfacet
facet normal 0.9999999999999994 3.306451103147818e-8 2.3447910380705774e-13
outer loop
vertex 194.67269204999934 -89.58158114999995 5
vertex 194.6726939100347 -145.8362892796226 1
vertex 194.672693903175 -145.62882511883836 1
endloop
endfacet
facet normal 0.9999999999999994 3.306451103147818e-8 2.3447910380705774e-13
outer loop
vertex 194.67269204999934 -89.58158114999995 5
vertex 194.672693903175 -145.62882511883836 1
vertex 194.67269389573178 -145.4037133864192 1
endloop
endfacet
facet normal 0.9999999999999994 3.306451103147818e-8 2.3447910380705774e-13
outer loop
vertex 194.67269204999934 -89.58158114999995 5
vertex 194.67269389573178 -145.4037133864192 1
vertex 194.6726938879911 -145.16960499999993 1
endloop
endfacet
facet normal 0.9999999999999994 3.306451103147818e-8 2.3447910380705774e-13
outer loop
vertex 194.67269204999934 -89.58158114999995 5
vertex 194.6726938879911 -145.16960499999993 1
vertex 194.67269388025042 -144.93549661358074 1
endloop
endfacet
facet normal 0.9999999999999994 3.306451103147818e-8 2.3447910380705774e-13
outer loop
vertex 194.67269204999934 -89.58158114999995 5
vertex 194.67269388025042 -144.93549661358074 1
vertex 194.67269387280723 -144.7103848811618 1
endloop
endfacet
facet normal 0.9999999999999994 3.306451103147818e-8 2.3447910380705774e-13
outer loop
vertex 194.67269204999934 -89.58158114999995 5
vertex 194.67269387280723 -144.7103848811618 1
vertex 194.6726938659475 -144.50292072037647 1
endloop
endfacet
facet normal 0.9999999999999994 3.306451103147818e-8 2.3447910380705774e-13
outer loop
vertex 194.67269204999934 -89.58158114999995 5
vertex 194.6726938659475 -144.50292072037647 1
vertex 194.67269385993492 -144.32107686257623 1
endloop
endfacet
facet normal 0.9999999999999994 3.306451103147818e-8 2.3447910380705774e-13
outer loop
vertex 194.67269204999934 -89.58158114999995 5
vertex 194.67269385993492 -144.32107686257623 1
vertex 194.67269385500055 -144.17184146523704 1
endloop
endfacet
facet normal 0.9999999999999994 3.306451103147818e-8 2.3447910380705774e-13
outer loop
vertex 194.67269204999934 -89.58158114999995 5
vertex 194.67269385500055 -144.17184146523704 1
vertex 194.67269385133395 -144.06094956098582 1
endloop
endfacet
facet normal 0.9999999999999994 3.306451103147818e-8 2.3447910380705774e-13
outer loop
vertex 194.67269204999934 -89.58158114999995 5
vertex 194.67269385133395 -144.06094956098582 1
vertex 194.67269384907607 -143.99266266351503 1
endloop
endfacet
facet normal 0.9999999999999994 3.306451103147818e-8 2.3447910380705774e-13
outer loop
vertex 194.67269204999934 -89.58158114999995 5
vertex 194.67269384907607 -143.99266266351503 1
vertex 194.67269384831368 -143.96960500000057 1
endloop
endfacet
facet normal 0.9999999999999994 3.306451103147818e-8 2.3447910380705774e-13
outer loop
vertex 194.67269204999934 -89.58158114999995 5
vertex 194.67269384831368 -143.96960500000057 1
vertex 194.67269271648118 -109.73857239999977 1
endloop
endfacet
facet normal 0.9999999999999994 3.306451103147818e-8 2.3447910380705774e-13
outer loop
vertex 194.67269204999934 -89.58158114999995 5
vertex 194.67269271648118 -109.73857239999977 1
vertex 194.67269271571877 -109.71551473648293 1
endloop
endfacet
facet normal 0.9999999999999994 3.306451103147818e-8 2.3447910380705774e-13
outer loop
vertex 194.67269204999934 -89.58158114999995 5
vertex 194.67269271571877 -109.71551473648293 1
vertex 194.67269271346092 -109.64722783901571 1
endloop
endfacet
facet normal 0.9999999999999994 3.306451103147818e-8 2.3447910380705774e-13
outer loop
vertex 194.67269204999934 -89.58158114999995 5
vertex 194.67269271346092 -109.64722783901571 1
vertex 194.67269270979432 -109.53633593476269 1
endloop
endfacet
facet normal 0.9999999999999994 3.306451103147818e-8 2.3447910380705774e-13
outer loop
vertex 194.67269204999934 -89.58158114999995 5
vertex 194.67269270979432 -109.53633593476269 1
vertex 194.6726927048599 -109.38710053742395 1
endloop
endfacet
facet normal 0.9999999999999994 3.306451103147818e-8 2.3447910380705774e-13
outer loop
vertex 194.67269204999934 -89.58158114999995 5
vertex 194.6726927048599 -109.38710053742395 1
vertex 194.67269269884736 -109.2052566796235 1
endloop
endfacet
facet normal 0.9999999999999994 3.306451103147818e-8 2.3447910380705774e-13
outer loop
vertex 194.67269204999934 -89.58158114999995 5
vertex 194.67269269884736 -109.2052566796235 1
vertex 194.67269269198763 -108.99779251883831 1
endloop
endfacet
facet normal 0.9999999999999994 3.306451103147818e-8 2.3447910380705774e-13
outer loop
vertex 194.67269204999934 -89.58158114999995 5
vertex 194.67269269198763 -108.99779251883831 1
vertex 194.67269268454444 -108.7726807864193 1
endloop
endfacet
facet normal 0.9999999999999994 3.306451103147818e-8 2.3447910380705774e-13
outer loop
vertex 194.67269204999934 -89.58158114999995 5
vertex 194.67269268454444 -108.7726807864193 1
vertex 194.67269267680376 -108.5385724 1
endloop
endfacet
facet normal 0.9999999999999994 3.306451103147818e-8 2.3447910380705774e-13
outer loop
vertex 194.67269204999934 -89.58158114999995 5
vertex 194.67269267680376 -108.5385724 1
vertex 194.67269266906308 -108.30446401358073 1
endloop
endfacet
facet normal 0.9999999999999994 3.306451103147818e-8 2.3447910380705774e-13
outer loop
vertex 194.67269204999934 -89.58158114999995 5
vertex 194.67269266906308 -108.30446401358073 1
vertex 194.67269266161986 -108.07935228116183 1
endloop
endfacet
facet normal 0.9999999999999994 3.306451103147818e-8 2.3447910380705774e-13
outer loop
vertex 194.67269204999934 -89.58158114999995 5
vertex 194.67269266161986 -108.07935228116183 1
vertex 194.67269265476017 -107.87188812037672 1
endloop
endfacet
facet normal 0.9999999999999994 3.306451103147818e-8 2.3447910380705774e-13
outer loop
vertex 194.67269204999934 -89.58158114999995 5
vertex 194.67269265476017 -107.87188812037672 1
vertex 194.67269264874759 -107.69004426257632 1
endloop
endfacet
facet normal 0.9999999999999994 3.306451103147818e-8 2.3447910380705774e-13
outer loop
vertex 194.67269204999934 -89.58158114999995 5
vertex 194.67269264874759 -107.69004426257632 1
vertex 194.67269264381318 -107.54080886523923 1
endloop
endfacet
facet normal 0.9999999999999994 3.306451103147818e-8 2.3447910380705774e-13
outer loop
vertex 194.67269204999934 -89.58158114999995 5
vertex 194.67269264381318 -107.54080886523923 1
vertex 194.6726926401466 -107.42991696098724 1
endloop
endfacet
facet normal 0.9999999999999994 3.306451103147818e-8 2.3447910380705774e-13
outer loop
vertex 194.67269204999934 -89.58158114999995 5
vertex 194.6726926401466 -107.42991696098724 1
vertex 194.67269263788873 -107.36163006351563 1
endloop
endfacet
facet normal 0.9999999999999994 3.306451103147818e-8 2.3447910380705774e-13
outer loop
vertex 194.67269204999934 -89.58158114999995 5
vertex 194.67269263788873 -107.36163006351563 1
vertex 194.67269263712635 -107.33857240000074 1
endloop
endfacet
facet normal 0.9999999999999994 3.306451103147818e-8 2.3447910380705774e-13
outer loop
vertex 194.67269204999934 -89.58158114999995 5
vertex 194.67269263712635 -107.33857240000074 1
vertex 194.67269205 -89.58158115000022 1
endloop
endfacet
facet normal 0.996195086477038 0.08715130336952376 0
outer loop
vertex 194.67269409999906 -151.58158229999998 5
vertex 194.7106726674671 -152.01570159416755 5
vertex 194.71067266746948 -152.01570159416735 1
endloop
endfacet
facet normal 0.996195086477038 0.08715130336952376 0
outer loop
vertex 194.67269409999906 -151.58158229999998 5
vertex 194.71067266746948 -152.01570159416735 1
vertex 194.6726941 -151.58158229999987 1
endloop
endfacet
facet normal 0.9659258262890708 0.25881904510251214 0
outer loop
vertex 194.7106726674671 -152.01570159416755 5
vertex 194.8234604980379 -152.43663150831352 5
vertex 194.82346049803522 -152.43663150831418 1
endloop
endfacet
facet normal 0.9659258262890708 0.25881904510251214 0
outer loop
vertex 194.7106726674671 -152.01570159416755 5
vertex 194.82346049803522 -152.43663150831418 1
vertex 194.71067266746948 -152.01570159416735 1
endloop
endfacet
facet normal 0.9063077870366524 0.42261826174069467 0
outer loop
vertex 194.8234604980379 -152.43663150831352 5
vertex 195.0076285405388 -152.83158115000003 5
vertex 195.0076285405389 -152.83158114999998 1
endloop
endfacet
facet normal 0.9063077870366524 0.42261826174069467 0
outer loop
vertex 194.8234604980379 -152.43663150831352 5
vertex 195.0076285405389 -152.83158114999998 1
vertex 194.82346049803522 -152.43663150831418 1
endloop
endfacet
facet normal 0.8191520442889911 0.573576436351047 0
outer loop
vertex 195.0076285405388 -152.83158115000003 5
vertex 195.2575809422019 -153.1885501742168 5
vertex 195.25758094220265 -153.18855017421646 1
endloop
endfacet
facet normal 0.8191520442889911 0.573576436351047 0
outer loop
vertex 195.0076285405388 -152.83158115000003 5
vertex 195.25758094220265 -153.18855017421646 1
vertex 195.0076285405389 -152.83158114999998 1
endloop
endfacet
facet normal 0.7071067811865617 0.7071067811865333 0
outer loop
vertex 195.2575809422019 -153.1885501742168 5
vertex 195.56572302578357 -153.49669225779758 5
vertex 195.56572302578363 -153.49669225779743 1
endloop
endfacet
facet normal 0.7071067811865617 0.7071067811865333 0
outer loop
vertex 195.2575809422019 -153.1885501742168 5
vertex 195.56572302578363 -153.49669225779743 1
vertex 195.25758094220265 -153.18855017421646 1
endloop
endfacet
facet normal 0.5735764363510414 0.8191520442889951 0
outer loop
vertex 195.56572302578357 -153.49669225779758 5
vertex 195.92269204999835 -153.74664465946347 5
vertex 195.92269205 -153.7466446594611 1
endloop
endfacet
facet normal 0.5735764363510414 0.8191520442889951 0
outer loop
vertex 195.56572302578357 -153.49669225779758 5
vertex 195.92269205 -153.7466446594611 1
vertex 195.56572302578363 -153.49669225779743 1
endloop
endfacet
facet normal 0.42261826174070183 0.9063077870366489 0
outer loop
vertex 195.92269204999835 -153.74664465946347 5
vertex 196.31764169168508 -153.9308127019665 5
vertex 196.31764169168594 -153.9308127019648 1
endloop
endfacet
facet normal 0.42261826174070183 0.9063077870366489 0
outer loop
vertex 195.92269204999835 -153.74664465946347 5
vertex 196.31764169168594 -153.9308127019648 1
vertex 195.92269205 -153.7466446594611 1
endloop
endfacet
facet normal 0.2588190451024555 0.9659258262890859 0
outer loop
vertex 196.31764169168508 -153.9308127019665 5
vertex 196.73857160583347 -154.0436005325277 5
vertex 196.7385716058327 -154.04360053253055 1
endloop
endfacet
facet normal 0.2588190451024555 0.9659258262890859 0
outer loop
vertex 196.31764169168508 -153.9308127019665 5
vertex 196.7385716058327 -154.04360053253055 1
vertex 196.31764169168594 -153.9308127019648 1
endloop
endfacet
facet normal 0.087155742747683 0.9961946980917434 0
outer loop
vertex 196.73857160583347 -154.0436005325277 5
vertex 197.17269205000002 -154.0815810773736 5
vertex 197.1726920499998 -154.08158115 1
endloop
endfacet
facet normal 0.087155742747683 0.9961946980917434 0
outer loop
vertex 196.73857160583347 -154.0436005325277 5
vertex 197.1726920499998 -154.08158115 1
vertex 196.7385716058327 -154.04360053253055 1
endloop
endfacet
facet normal -0.9951847266722011 0.0980171403295175 0
outer loop
vertex 202.3862384364841 -108.77268078641939 1
vertex 202.4092961000002 -108.53857240000004 1
vertex 202.40929609999998 -108.53857240000258 0
endloop
endfacet
facet normal -0.9951847266722011 0.0980171403295175 0
outer loop
vertex 202.3862384364841 -108.77268078641939 1
vertex 202.40929609999998 -108.53857240000258 0
vertex 202.38623843648352 -108.77268078642534 0
endloop
endfacet
facet normal -0.9951847266722011 -0.0980171403295175 0
outer loop
vertex 202.4092961000002 -108.53857240000004 1
vertex 202.38623843648364 -108.30446401358068 1
vertex 202.38623843648386 -108.3044640135831 0
endloop
endfacet
facet normal -0.9951847266722011 -0.0980171403295175 0
outer loop
vertex 202.4092961000002 -108.53857240000004 1
vertex 202.38623843648386 -108.3044640135831 0
vertex 202.40929609999998 -108.53857240000258 0
endloop
endfacet
facet normal -0.9569403357322133 -0.2902846772544479 0
outer loop
vertex 202.38623843648364 -108.30446401358068 1
vertex 202.31795153901282 -108.07935228116212 1
vertex 202.31795153901174 -108.07935228115846 0
endloop
endfacet
facet normal -0.9569403357322133 -0.2902846772544479 0
outer loop
vertex 202.38623843648364 -108.30446401358068 1
vertex 202.31795153901174 -108.07935228115846 0
vertex 202.38623843648386 -108.3044640135831 0
endloop
endfacet
facet normal -0.8819212643483718 -0.4713967368259664 0
outer loop
vertex 202.31795153901282 -108.07935228116212 1
vertex 202.2070596347631 -107.8718881203765 1.0000000000000004
vertex 202.20705963477366 -107.87188812039625 0
endloop
endfacet
facet normal -0.8819212643483718 -0.4713967368259664 0
outer loop
vertex 202.31795153901282 -108.07935228116212 1
vertex 202.20705963477366 -107.87188812039625 0
vertex 202.31795153901174 -108.07935228115846 0
endloop
endfacet
facet normal -0.7730104533627445 -0.6343932841636364 0
outer loop
vertex 202.2070596347631 -107.8718881203765 1.0000000000000004
vertex 202.05782423742056 -107.69004426257891 1.0000000000000004
vertex 202.05782423741388 -107.69004426257084 0
endloop
endfacet
facet normal -0.7730104533627445 -0.6343932841636364 0
outer loop
vertex 202.2070596347631 -107.8718881203765 1.0000000000000004
vertex 202.05782423741388 -107.69004426257084 0
vertex 202.20705963477366 -107.87188812039625 0
endloop
endfacet
facet normal -0.6343932841636208 -0.7730104533627572 0
outer loop
vertex 202.05782423742056 -107.69004426257891 1.0000000000000004
vertex 201.8759803796221 -107.54080886523869 1
vertex 201.87598037962445 -107.54080886524059 0
endloop
endfacet
facet normal -0.6343932841636208 -0.7730104533627572 0
outer loop
vertex 202.05782423742056 -107.69004426257891 1.0000000000000004
vertex 201.87598037962445 -107.54080886524059 0
vertex 202.05782423741388 -107.69004426257084 0
endloop
endfacet
facet normal -0.4713967368260365 -0.8819212643483343 0
outer loop
vertex 201.8759803796221 -107.54080886523869 1
vertex 201.6685162188368 -107.4299169609889 1
vertex 201.66851621881995 -107.4299169609799 0
endloop
endfacet
facet normal -0.4713967368260365 -0.8819212643483343 0
outer loop
vertex 201.8759803796221 -107.54080886523869 1
vertex 201.66851621881995 -107.4299169609799 0
vertex 201.87598037962445 -107.54080886524059 0
endloop
endfacet
facet normal -0.2902846772544479 -0.9569403357322133 0
outer loop
vertex 201.6685162188368 -107.4299169609889 1
vertex 201.44340448641964 -107.36163006351515 1
vertex 201.44340448642814 -107.36163006351774 0
endloop
endfacet
facet normal -0.2902846772544479 -0.9569403357322133 0
outer loop
vertex 201.6685162188368 -107.4299169609889 1
vertex 201.44340448642814 -107.36163006351774 0
vertex 201.66851621881995 -107.4299169609799 0
endloop
endfacet
facet normal -0.09801714032957423 -0.9951847266721956 0
outer loop
vertex 201.44340448641964 -107.36163006351515 1
vertex 201.20929609999996 -107.33857240000074 1
vertex 201.2092960999936 -107.33857240000012 0
endloop
endfacet
facet normal -0.09801714032957423 -0.9951847266721956 0
outer loop
vertex 201.44340448641964 -107.36163006351515 1
vertex 201.2092960999936 -107.33857240000012 0
vertex 201.44340448642814 -107.36163006351774 0
endloop
endfacet
facet normal 0.09801714032957415 -0.9951847266721956 0
outer loop
vertex 201.20929609999996 -107.33857240000074 1
vertex 200.97518771358057 -107.36163006351563 1
vertex 200.97518771355908 -107.36163006351774 0
endloop
endfacet
facet normal 0.09801714032957415 -0.9951847266721956 0
outer loop
vertex 201.20929609999996 -107.33857240000074 1
vertex 200.97518771355908 -107.36163006351774 0
vertex 201.2092960999936 -107.33857240000012 0
endloop
endfacet
facet normal 0.2902846772544479 -0.9569403357322133 0
outer loop
vertex 200.97518771358057 -107.36163006351563 1
vertex 200.7500759811621 -107.42991696098724 1
vertex 200.75007598119515 -107.4299169609799 0
endloop
endfacet
facet normal 0.2902846772544479 -0.9569403357322133 0
outer loop
vertex 200.97518771358057 -107.36163006351563 1
vertex 200.75007598119515 -107.4299169609799 0
vertex 200.97518771355908 -107.36163006351774 0
endloop
endfacet
facet normal 0.47139673682599736 -0.8819212643483553 0
outer loop
vertex 200.7500759811621 -107.42991696098724 1
vertex 200.54261182037772 -107.54080886523923 1.0000000000000004
vertex 200.5426118203665 -107.54080886524059 0
endloop
endfacet
facet normal 0.47139673682599736 -0.8819212643483553 0
outer loop
vertex 200.7500759811621 -107.42991696098724 1
vertex 200.5426118203665 -107.54080886524059 0
vertex 200.75007598119515 -107.4299169609799 0
endloop
endfacet
facet normal 0.6343932841636208 -0.7730104533627572 0
outer loop
vertex 200.54261182037772 -107.54080886523923 1.0000000000000004
vertex 200.3607679625763 -107.69004426257632 1
vertex 200.36076796257802 -107.69004426257084 0
endloop
endfacet
facet normal 0.6343932841636208 -0.7730104533627572 0
outer loop
vertex 200.54261182037772 -107.54080886523923 1.0000000000000004
vertex 200.36076796257802 -107.69004426257084 0
vertex 200.5426118203665 -107.54080886524059 0
endloop
endfacet
facet normal 0.7730104533627319 -0.6343932841636518 0
outer loop
vertex 200.3607679625763 -107.69004426257632 1
vertex 200.21153256523723 -107.87188812037672 1.0000000000000004
vertex 200.2115325652172 -107.87188812039625 0
endloop
endfacet
facet normal 0.7730104533627319 -0.6343932841636518 0
outer loop
vertex 200.3607679625763 -107.69004426257632 1
vertex 200.2115325652172 -107.87188812039625 0
vertex 200.36076796257802 -107.69004426257084 0
endloop
endfacet
facet normal 0.8819212643483851 -0.47139673682594135 0
outer loop
vertex 200.21153256523723 -107.87188812037672 1.0000000000000004
vertex 200.10064066098633 -108.07935228116183 1
vertex 200.10064066099739 -108.07935228115846 0
endloop
endfacet
facet normal 0.8819212643483851 -0.47139673682594135 0
outer loop
vertex 200.21153256523723 -107.87188812037672 1.0000000000000004
vertex 200.10064066099739 -108.07935228115846 0
vertex 200.2115325652172 -107.87188812039625 0
endloop
endfacet
facet normal 0.9569403357322133 -0.2902846772544479 0
outer loop
vertex 200.10064066098633 -108.07935228116183 1
vertex 200.03235376351634 -108.30446401358073 1
vertex 200.03235376351512 -108.3044640135831 0
endloop
endfacet
facet normal 0.9569403357322133 -0.2902846772544479 0
outer loop
vertex 200.10064066098633 -108.07935228116183 1
vertex 200.03235376351512 -108.3044640135831 0
vertex 200.10064066099739 -108.07935228115846 0
endloop
endfacet
facet normal 0.9951847266722011 -0.09801714032951749 0
outer loop
vertex 200.03235376351634 -108.30446401358073 1
vertex 200.0092960999999 -108.5385724 1
vertex 200.00929609999972 -108.53857240000258 0
endloop
endfacet
facet normal 0.9951847266722011 -0.09801714032951749 0
outer loop
vertex 200.03235376351634 -108.30446401358073 1
vertex 200.00929609999972 -108.53857240000258 0
vertex 200.03235376351512 -108.3044640135831 0
endloop
endfacet
facet normal 0.9951847266722011 0.09801714032951749 0
outer loop
vertex 200.0092960999999 -108.5385724 1
vertex 200.03235376351657 -108.7726807864193 1
vertex 200.03235376351665 -108.77268078642534 0
endloop
endfacet
facet normal 0.9951847266722011 0.09801714032951749 0
outer loop
vertex 200.0092960999999 -108.5385724 1
vertex 200.03235376351665 -108.77268078642534 0
vertex 200.00929609999972 -108.53857240000258 0
endloop
endfacet
facet normal 0.9569403357322133 0.2902846772544479 0
outer loop
vertex 200.03235376351657 -108.7726807864193 1
vertex 200.10064066098576 -108.99779251883831 1
vertex 200.10064066098462 -108.99779251883457 0
endloop
endfacet
facet normal 0.9569403357322133 0.2902846772544479 0
outer loop
vertex 200.03235376351657 -108.7726807864193 1
vertex 200.10064066098462 -108.99779251883457 0
vertex 200.03235376351665 -108.77268078642534 0
endloop
endfacet
facet normal 0.8819212643483718 0.4713967368259664 0
outer loop
vertex 200.10064066098576 -108.99779251883831 1
vertex 200.211532565237 -109.2052566796235 1.0000000000000004
vertex 200.2115325652375 -109.20525667962445 0
endloop
endfacet
facet normal 0.8819212643483718 0.4713967368259664 0
outer loop
vertex 200.10064066098576 -108.99779251883831 1
vertex 200.2115325652375 -109.20525667962445 0
vertex 200.10064066098462 -108.99779251883457 0
endloop
endfacet
facet normal 0.7730104533627319 0.6343932841636518 0
outer loop
vertex 200.211532565237 -109.2052566796235 1.0000000000000004
vertex 200.36076796257606 -109.38710053742395 1.0000000000000004
vertex 200.36076796257402 -109.38710053742152 0
endloop
endfacet
facet normal 0.7730104533627319 0.6343932841636518 0
outer loop
vertex 200.211532565237 -109.2052566796235 1.0000000000000004
vertex 200.36076796257402 -109.38710053742152 0
vertex 200.2115325652375 -109.20525667962445 0
endloop
endfacet
facet normal 0.6343932841636208 0.7730104533627572 0
outer loop
vertex 200.36076796257606 -109.38710053742395 1.0000000000000004
vertex 200.54261182037675 -109.53633593476269 1
vertex 200.54261182038817 -109.53633593477205 0
endloop
endfacet
facet normal 0.6343932841636208 0.7730104533627572 0
outer loop
vertex 200.36076796257606 -109.38710053742395 1.0000000000000004
vertex 200.54261182038817 -109.53633593477205 0
vertex 200.36076796257402 -109.38710053742152 0
endloop
endfacet
facet normal 0.4713967368260483 0.8819212643483281 0
outer loop
vertex 200.54261182037675 -109.53633593476269 1
vertex 200.7500759811608 -109.64722783901571 1.0000000000000004
vertex 200.75007598114547 -109.64722783900753 0
endloop
endfacet
facet normal 0.4713967368260483 0.8819212643483281 0
outer loop
vertex 200.54261182037675 -109.53633593476269 1
vertex 200.75007598114547 -109.64722783900753 0
vertex 200.54261182038817 -109.53633593477205 0
endloop
endfacet
facet normal 0.2902846772544479 0.9569403357322133 0
outer loop
vertex 200.7500759811608 -109.64722783901571 1.0000000000000004
vertex 200.9751877135809 -109.71551473648293 1
vertex 200.97518771358585 -109.71551473648442 0
endloop
endfacet
facet normal 0.2902846772544479 0.9569403357322133 0
outer loop
vertex 200.7500759811608 -109.64722783901571 1.0000000000000004
vertex 200.97518771358585 -109.71551473648442 0
vertex 200.75007598114547 -109.64722783900753 0
endloop
endfacet
facet normal 0.09801714032957415 0.9951847266721956 0
outer loop
vertex 200.9751877135809 -109.71551473648293 1
vertex 201.20929610000002 -109.73857240000004 1
vertex 201.20929609999743 -109.73857239999978 0
endloop
endfacet
facet normal 0.09801714032957415 0.9951847266721956 0
outer loop
vertex 200.9751877135809 -109.71551473648293 1
vertex 201.20929609999743 -109.73857239999978 0
vertex 200.97518771358585 -109.71551473648442 0
endloop
endfacet
facet normal -0.09801714032957415 0.9951847266721956 0
outer loop
vertex 201.20929610000002 -109.73857240000004 1
vertex 201.44340448641933 -109.71551473648341 1
vertex 201.44340448642546 -109.71551473648442 0
endloop
endfacet
facet normal -0.09801714032957415 0.9951847266721956 0
outer loop
vertex 201.20929610000002 -109.73857240000004 1
vertex 201.44340448642546 -109.71551473648442 0
vertex 201.20929609999743 -109.73857239999978 0
endloop
endfacet
facet normal -0.2902846772544479 0.9569403357322133 0
outer loop
vertex 201.44340448641933 -109.71551473648341 1
vertex 201.6685162188383 -109.64722783901426 1
vertex 201.66851621884226 -109.64722783900753 0
endloop
endfacet
facet normal -0.2902846772544479 0.9569403357322133 0
outer loop
vertex 201.44340448641933 -109.71551473648341 1
vertex 201.66851621884226 -109.64722783900753 0
vertex 201.44340448642546 -109.71551473648442 0
endloop
endfacet
facet normal -0.4713967368259914 0.8819212643483584 0
outer loop
vertex 201.6685162188383 -109.64722783901426 1
vertex 201.87598037962422 -109.5363359347644 1
vertex 201.8759803796182 -109.53633593477205 0
endloop
endfacet
facet normal -0.4713967368259914 0.8819212643483584 0
outer loop
vertex 201.6685162188383 -109.64722783901426 1
vertex 201.8759803796182 -109.53633593477205 0
vertex 201.66851621884226 -109.64722783900753 0
endloop
endfacet
facet normal -0.6343932841636208 0.7730104533627572 0
outer loop
vertex 201.87598037962422 -109.5363359347644 1
vertex 202.05782423742397 -109.387100537424 1
vertex 202.05782423742477 -109.38710053742152 0
endloop
endfacet
facet normal -0.6343932841636208 0.7730104533627572 0
outer loop
vertex 201.87598037962422 -109.5363359347644 1
vertex 202.05782423742477 -109.38710053742152 0
vertex 201.8759803796182 -109.53633593477205 0
endloop
endfacet
facet normal -0.7730104533627318 0.6343932841636518 0
outer loop
vertex 202.05782423742397 -109.387100537424 1
vertex 202.20705963476334 -109.20525667962376 1
vertex 202.20705963476226 -109.20525667962445 0
endloop
endfacet
facet normal -0.7730104533627318 0.6343932841636518 0
outer loop
vertex 202.05782423742397 -109.387100537424 1
vertex 202.20705963476226 -109.20525667962445 0
vertex 202.05782423742477 -109.38710053742152 0
endloop
endfacet
facet normal -0.8819212643483734 0.47139673682596345 0
outer loop
vertex 202.20705963476334 -109.20525667962376 1
vertex 202.3179515390136 -108.99779251883814 1.0000000000000004
vertex 202.317951539014 -108.99779251883457 0
endloop
endfacet
facet normal -0.8819212643483734 0.47139673682596345 0
outer loop
vertex 202.20705963476334 -109.20525667962376 1
vertex 202.317951539014 -108.99779251883457 0
vertex 202.20705963476226 -109.20525667962445 0
endloop
endfacet
facet normal -0.9569403357322133 0.2902846772544479 0
outer loop
vertex 202.3179515390136 -108.99779251883814 1.0000000000000004
vertex 202.3862384364841 -108.77268078641939 1
vertex 202.38623843648352 -108.77268078642534 0
endloop
endfacet
facet normal -0.9569403357322133 0.2902846772544479 0
outer loop
vertex 202.3179515390136 -108.99779251883814 1.0000000000000004
vertex 202.38623843648352 -108.77268078642534 0
vertex 202.317951539014 -108.99779251883457 0
endloop
endfacet
facet normal -0.9951847266722011 0.0980171403295175 0
outer loop
vertex 240.31303443648412 -108.77268078641939 1
vertex 240.33609210000023 -108.53857240000005 1
vertex 240.33609210000037 -108.53857240000258 0
endloop
endfacet
facet normal -0.9951847266722011 0.0980171403295175 0
outer loop
vertex 240.31303443648412 -108.77268078641939 1
vertex 240.33609210000037 -108.53857240000258 0
vertex 240.31303443648355 -108.77268078642534 0
endloop
endfacet
facet normal -0.9951847266722011 -0.09801714032951749 0
outer loop
vertex 240.33609210000023 -108.53857240000005 1
vertex 240.31303443648434 -108.30446401358061 1
vertex 240.313034436485 -108.3044640135831 0
endloop
endfacet
facet normal -0.9951847266722011 -0.09801714032951749 0
outer loop
vertex 240.33609210000023 -108.53857240000005 1
vertex 240.313034436485 -108.3044640135831 0
vertex 240.33609210000037 -108.53857240000258 0
endloop
endfacet
facet normal -0.9569403357322133 -0.2902846772544479 0
outer loop
vertex 240.31303443648434 -108.30446401358061 1
vertex 240.24474753901282 -108.07935228116213 1
vertex 240.244747539006 -108.07935228115846 0
endloop
endfacet
facet normal -0.9569403357322133 -0.2902846772544479 0
outer loop
vertex 240.31303443648434 -108.30446401358061 1
vertex 240.244747539006 -108.07935228115846 0
vertex 240.313034436485 -108.3044640135831 0
endloop
endfacet
facet normal -0.8819212643483703 -0.47139673682596933 0
outer loop
vertex 240.24474753901282 -108.07935228116213 1
vertex 240.1338556347665 -107.87188812037472 1.0000000000000004
vertex 240.13385563476658 -107.87188812039625 0
endloop
endfacet
facet normal -0.8819212643483703 -0.47139673682596933 0
outer loop
vertex 240.24474753901282 -108.07935228116213 1
vertex 240.13385563476658 -107.87188812039625 0
vertex 240.244747539006 -108.07935228115846 0
endloop
endfacet
facet normal -0.7730104533627191 -0.6343932841636674 0
outer loop
vertex 240.1338556347665 -107.87188812037472 1.0000000000000004
vertex 239.98462023742672 -107.69004426257379 1.0000000000000004
vertex 239.9846202374457 -107.69004426257084 0
endloop
endfacet
facet normal -0.7730104533627191 -0.6343932841636674 0
outer loop
vertex 240.1338556347665 -107.87188812037472 1.0000000000000004
vertex 239.9846202374457 -107.69004426257084 0
vertex 240.13385563476658 -107.87188812039625 0
endloop
endfacet
facet normal -0.6343932841636208 -0.7730104533627572 0
outer loop
vertex 239.98462023742672 -107.69004426257379 1.0000000000000004
vertex 239.80277637962212 -107.54080886523866 1
vertex 239.80277637961288 -107.54080886524059 0
endloop
endfacet
facet normal -0.6343932841636208 -0.7730104533627572 0
outer loop
vertex 239.98462023742672 -107.69004426257379 1.0000000000000004
vertex 239.80277637961288 -107.54080886524059 0
vertex 239.9846202374457 -107.69004426257084 0
endloop
endfacet
facet normal -0.471396736826014 -0.8819212643483463 0
outer loop
vertex 239.80277637962212 -107.54080886523866 1
vertex 239.5953122188382 -107.42991696098632 1
vertex 239.59531221884862 -107.4299169609799 0
endloop
endfacet
facet normal -0.471396736826014 -0.8819212643483463 0
outer loop
vertex 239.80277637962212 -107.54080886523866 1
vertex 239.59531221884862 -107.4299169609799 0
vertex 239.80277637961288 -107.54080886524059 0
endloop
endfacet
facet normal -0.2902846772544479 -0.9569403357322133 0
outer loop
vertex 239.5953122188382 -107.42991696098632 1
vertex 239.37020048641872 -107.36163006351819 1
vertex 239.37020048641233 -107.36163006351774 0
endloop
endfacet
facet normal -0.2902846772544479 -0.9569403357322133 0
outer loop
vertex 239.5953122188382 -107.42991696098632 1
vertex 239.37020048641233 -107.36163006351774 0
vertex 239.59531221884862 -107.4299169609799 0
endloop
endfacet
facet normal -0.09801714032957423 -0.9951847266721956 0
outer loop
vertex 239.37020048641872 -107.36163006351819 1
vertex 239.13609209999998 -107.33857240000081 1
vertex 239.13609209999257 -107.33857240000012 0
endloop
endfacet
facet normal -0.09801714032957423 -0.9951847266721956 0
outer loop
vertex 239.37020048641872 -107.36163006351819 1
vertex 239.13609209999257 -107.33857240000012 0
vertex 239.37020048641233 -107.36163006351774 0
endloop
endfacet
facet normal 0.09801714032957415 -0.9951847266721956 0
outer loop
vertex 239.13609209999998 -107.33857240000081 1
vertex 238.90198371358062 -107.36163006351548 1
vertex 238.90198371355805 -107.36163006351774 0
endloop
endfacet
facet normal 0.09801714032957415 -0.9951847266721956 0
outer loop
vertex 239.13609209999998 -107.33857240000081 1
vertex 238.90198371355805 -107.36163006351774 0
vertex 239.13609209999257 -107.33857240000012 0
endloop
endfacet
facet normal 0.2902846772544479 -0.9569403357322133 0
outer loop
vertex 238.90198371358062 -107.36163006351548 1
vertex 238.67687198116218 -107.42991696098731 1
vertex 238.67687198119665 -107.4299169609799 0
endloop
endfacet
facet normal 0.2902846772544479 -0.9569403357322133 0
outer loop
vertex 238.90198371358062 -107.36163006351548 1
vertex 238.67687198119665 -107.4299169609799 0
vertex 238.90198371355805 -107.36163006351774 0
endloop
endfacet
facet normal 0.47139673682601946 -0.8819212643483434 0
outer loop
vertex 238.67687198116218 -107.42991696098731 1
vertex 238.46940782037586 -107.54080886523572 1
vertex 238.46940782034662 -107.54080886524059 0
endloop
endfacet
facet normal 0.47139673682601946 -0.8819212643483434 0
outer loop
vertex 238.67687198116218 -107.42991696098731 1
vertex 238.46940782034662 -107.54080886524059 0
vertex 238.67687198119665 -107.4299169609799 0
endloop
endfacet
facet normal 0.6343932841636208 -0.7730104533627572 0
outer loop
vertex 238.46940782037586 -107.54080886523572 1
vertex 238.28756396257506 -107.69004426257484 1
vertex 238.2875639625848 -107.69004426257084 0
endloop
endfacet
facet normal 0.6343932841636208 -0.7730104533627572 0
outer loop
vertex 238.46940782037586 -107.54080886523572 1
vertex 238.2875639625848 -107.69004426257084 0
vertex 238.46940782034662 -107.54080886524059 0
endloop
endfacet
facet normal 0.7730104533627319 -0.6343932841636518 0
outer loop
vertex 238.28756396257506 -107.69004426257484 1
vertex 238.1383285652364 -107.87188812037598 1.0000000000000004
vertex 238.13832856521879 -107.87188812039625 0
endloop
endfacet
facet normal 0.7730104533627319 -0.6343932841636518 0
outer loop
vertex 238.28756396257506 -107.69004426257484 1
vertex 238.13832856521879 -107.87188812039625 0
vertex 238.2875639625848 -107.69004426257084 0
endloop
endfacet
facet normal 0.8819212643483701 -0.47139673682596933 0
outer loop
vertex 238.1383285652364 -107.87188812037598 1.0000000000000004
vertex 238.02743666098678 -108.07935228116204 1
vertex 238.0274366610018 -108.07935228115846 0
endloop
endfacet
facet normal 0.8819212643483701 -0.47139673682596933 0
outer loop
vertex 238.1383285652364 -107.87188812037598 1.0000000000000004
vertex 238.0274366610018 -108.07935228115846 0
vertex 238.13832856521879 -107.87188812039625 0
endloop
endfacet
facet normal 0.9569403357322133 -0.2902846772544479 0
outer loop
vertex 238.02743666098678 -108.07935228116204 1
vertex 237.95914976351628 -108.30446401358071 1
vertex 237.95914976351415 -108.3044640135831 0
endloop
endfacet
facet normal 0.9569403357322133 -0.2902846772544479 0
outer loop
vertex 238.02743666098678 -108.07935228116204 1
vertex 237.95914976351415 -108.3044640135831 0
vertex 238.0274366610018 -108.07935228115846 0
endloop
endfacet
facet normal 0.9951847266722011 -0.09801714032951749 0
outer loop
vertex 237.95914976351628 -108.30446401358071 1
vertex 237.93609210000005 -108.53857240000002 1
vertex 237.9360921 -108.53857240000258 0
endloop
endfacet
facet normal 0.9951847266722011 -0.09801714032951749 0
outer loop
vertex 237.95914976351628 -108.30446401358071 1
vertex 237.9360921 -108.53857240000258 0
vertex 237.95914976351415 -108.3044640135831 0
endloop
endfacet
facet normal 0.9951847266722011 0.0980171403295175 0
outer loop
vertex 237.93609210000005 -108.53857240000002 1
vertex 237.95914976351648 -108.77268078641933 1
vertex 237.95914976351665 -108.77268078642534 0
endloop
endfacet
facet normal 0.9951847266722011 0.0980171403295175 0
outer loop
vertex 237.93609210000005 -108.53857240000002 1
vertex 237.95914976351665 -108.77268078642534 0
vertex 237.9360921 -108.53857240000258 0
endloop
endfacet
facet normal 0.9569403357322133 0.2902846772544479 0
outer loop
vertex 237.95914976351648 -108.77268078641933 1
vertex 238.02743666098573 -108.99779251883834 1
vertex 238.02743666098445 -108.99779251883457 0
endloop
endfacet
facet normal 0.9569403357322133 0.2902846772544479 0
outer loop
vertex 237.95914976351648 -108.77268078641933 1
vertex 238.02743666098445 -108.99779251883457 0
vertex 237.95914976351665 -108.77268078642534 0
endloop
endfacet
facet normal 0.8819212643483734 0.4713967368259635 0
outer loop
vertex 238.02743666098573 -108.99779251883834 1
vertex 238.13832856523638 -109.20525667962386 1.0000000000000004
vertex 238.1383285652384 -109.20525667962445 0
endloop
endfacet
facet normal 0.8819212643483734 0.4713967368259635 0
outer loop
vertex 238.02743666098573 -108.99779251883834 1
vertex 238.1383285652384 -109.20525667962445 0
vertex 238.02743666098445 -108.99779251883457 0
endloop
endfacet
facet normal 0.7730104533627248 0.6343932841636603 0
outer loop
vertex 238.13832856523638 -109.20525667962386 1.0000000000000004
vertex 238.28756396257967 -109.38710053742095 1
vertex 238.2875639625614 -109.38710053742152 0
endloop
endfacet
facet normal 0.7730104533627248 0.6343932841636603 0
outer loop
vertex 238.13832856523638 -109.20525667962386 1.0000000000000004
vertex 238.2875639625614 -109.38710053742152 0
vertex 238.1383285652384 -109.20525667962445 0
endloop
endfacet
facet normal 0.6343932841636208 0.7730104533627572 0
outer loop
vertex 238.28756396257967 -109.38710053742095 1
vertex 238.4694078203769 -109.53633593476258 1
vertex 238.46940782040454 -109.53633593477205 0
endloop
endfacet
facet normal 0.6343932841636208 0.7730104533627572 0
outer loop
vertex 238.28756396257967 -109.38710053742095 1
vertex 238.46940782040454 -109.53633593477205 0
vertex 238.2875639625614 -109.38710053742152 0
endloop
endfacet
facet normal 0.47139673682600314 0.881921264348352 0
outer loop
vertex 238.4694078203769 -109.53633593476258 1
vertex 238.67687198116508 -109.64722783900756 1
vertex 238.67687198111432 -109.64722783900753 0
endloop
endfacet
facet normal 0.47139673682600314 0.881921264348352 0
outer loop
vertex 238.4694078203769 -109.53633593476258 1
vertex 238.67687198111432 -109.64722783900753 0
vertex 238.46940782040454 -109.53633593477205 0
endloop
endfacet
facet normal 0.29028467725446194 0.956940335732209 0
outer loop
vertex 238.67687198116508 -109.64722783900756 1
vertex 238.90198371358053 -109.71551473648447 1.0000000000000004
vertex 238.90198371363033 -109.71551473648442 0
endloop
endfacet
facet normal 0.29028467725446194 0.956940335732209 0
outer loop
vertex 238.67687198116508 -109.64722783900756 1
vertex 238.90198371363033 -109.71551473648442 0
vertex 238.67687198111432 -109.64722783900753 0
endloop
endfacet
facet normal 0.09801714032957415 0.9951847266721956 0
outer loop
vertex 238.90198371358053 -109.71551473648447 1.0000000000000004
vertex 239.13609209999996 -109.7385724000008 1
vertex 239.13609209999385 -109.73857239999978 0
endloop
endfacet
facet normal 0.09801714032957415 0.9951847266721956 0
outer loop
vertex 238.90198371358053 -109.71551473648447 1.0000000000000004
vertex 239.13609209999385 -109.73857239999978 0
vertex 238.90198371363033 -109.71551473648442 0
endloop
endfacet
facet normal -0.09801714032957413 0.9951847266721956 0
outer loop
vertex 239.13609209999996 -109.7385724000008 1
vertex 239.37020048641912 -109.71551473648088 1
vertex 239.3702004864385 -109.71551473648442 0
endloop
endfacet
facet normal -0.09801714032957413 0.9951847266721956 0
outer loop
vertex 239.13609209999996 -109.7385724000008 1
vertex 239.3702004864385 -109.71551473648442 0
vertex 239.13609209999385 -109.73857239999978 0
endloop
endfacet
facet normal -0.2902846772544479 0.9569403357322133 0
outer loop
vertex 239.37020048641912 -109.71551473648088 1
vertex 239.5953122188384 -109.64722783901436 1
vertex 239.59531221884308 -109.64722783900753 0
endloop
endfacet
facet normal -0.2902846772544479 0.9569403357322133 0
outer loop
vertex 239.37020048641912 -109.71551473648088 1
vertex 239.59531221884308 -109.64722783900753 0
vertex 239.3702004864385 -109.71551473648442 0
endloop
endfacet
facet normal -0.47139673682602534 0.8819212643483402 0
outer loop
vertex 239.5953122188384 -109.64722783901436 1
vertex 239.8027763796244 -109.53633593476458 1
vertex 239.8027763796178 -109.53633593477205 0
endloop
endfacet
facet normal -0.47139673682602534 0.8819212643483402 0
outer loop
vertex 239.5953122188384 -109.64722783901436 1
vertex 239.8027763796178 -109.53633593477205 0
vertex 239.59531221884308 -109.64722783900753 0
endloop
endfacet
facet normal -0.6343932841636208 0.7730104533627572 0
outer loop
vertex 239.8027763796244 -109.53633593476458 1
vertex 239.98462023742405 -109.38710053742406 1
vertex 239.984620237423 -109.38710053742152 0
endloop
endfacet
facet normal -0.6343932841636208 0.7730104533627572 0
outer loop
vertex 239.8027763796244 -109.53633593476458 1
vertex 239.984620237423 -109.38710053742152 0
vertex 239.8027763796178 -109.53633593477205 0
endloop
endfacet
facet normal -0.7730104533627319 0.6343932841636518 0
outer loop
vertex 239.98462023742405 -109.38710053742406 1
vertex 240.13385563476314 -109.20525667962357 1.0000000000000004
vertex 240.1338556347614 -109.20525667962445 0
endloop
endfacet
facet normal -0.7730104533627319 0.6343932841636518 0
outer loop
vertex 239.98462023742405 -109.38710053742406 1
vertex 240.1338556347614 -109.20525667962445 0
vertex 239.984620237423 -109.38710053742152 0
endloop
endfacet
facet normal -0.8819212643483851 0.47139673682594135 0
outer loop
vertex 240.13385563476314 -109.20525667962357 1.0000000000000004
vertex 240.24474753901313 -108.99779251883788 1
vertex 240.24474753901478 -108.99779251883457 0
endloop
endfacet
facet normal -0.8819212643483851 0.47139673682594135 0
outer loop
vertex 240.13385563476314 -109.20525667962357 1.0000000000000004
vertex 240.24474753901478 -108.99779251883457 0
vertex 240.1338556347614 -109.20525667962445 0
endloop
endfacet
facet normal -0.9569403357322133 0.2902846772544479 0
outer loop
vertex 240.24474753901313 -108.99779251883788 1
vertex 240.31303443648412 -108.77268078641939 1
vertex 240.31303443648355 -108.77268078642534 0
endloop
endfacet
facet normal -0.9569403357322133 0.2902846772544479 0
outer loop
vertex 240.24474753901313 -108.99779251883788 1
vertex 240.31303443648355 -108.77268078642534 0
vertex 240.24474753901478 -108.99779251883457 0
endloop
endfacet
facet normal -0.9951847266721985 0.09801714032954566 0
outer loop
vertex 202.52747193648264 -145.40371338641924 1.0000000000000004
vertex 202.55052959999878 -145.1696049999999 1.0000000000000004
vertex 202.5505295999999 -145.1696049999908 0
endloop
endfacet
facet normal -0.9951847266721985 0.09801714032954566 0
outer loop
vertex 202.52747193648264 -145.40371338641924 1.0000000000000004
vertex 202.5505295999999 -145.1696049999908 0
vertex 202.52747193648193 -145.40371338642612 0
endloop
endfacet
facet normal -0.9951847266722011 -0.0980171403295175 0
outer loop
vertex 202.55052959999878 -145.1696049999999 1.0000000000000004
vertex 202.52747193648497 -144.9354966135805 1
vertex 202.5274719364859 -144.93549661359063 0
endloop
endfacet
facet normal -0.9951847266722011 -0.0980171403295175 0
outer loop
vertex 202.55052959999878 -145.1696049999999 1.0000000000000004
vertex 202.5274719364859 -144.93549661359063 0
vertex 202.5505295999999 -145.1696049999908 0
endloop
endfacet
facet normal -0.9569403357322133 -0.2902846772544479 0
outer loop
vertex 202.52747193648497 -144.9354966135805 1
vertex 202.45918503901268 -144.71038488116213 1
vertex 202.45918503900853 -144.71038488115377 0
endloop
endfacet
facet normal -0.9569403357322133 -0.2902846772544479 0
outer loop
vertex 202.52747193648497 -144.9354966135805 1
vertex 202.45918503900853 -144.71038488115377 0
vertex 202.5274719364859 -144.93549661359063 0
endloop
endfacet
facet normal -0.8819212643483494 -0.47139673682600847 0
outer loop
vertex 202.45918503901268 -144.71038488116213 1
vertex 202.3482931347648 -144.5029207203756 1.0000000000000004
vertex 202.34829313475765 -144.50292072041455 0
endloop
endfacet
facet normal -0.8819212643483494 -0.47139673682600847 0
outer loop
vertex 202.45918503901268 -144.71038488116213 1
vertex 202.34829313475765 -144.50292072041455 0
vertex 202.45918503900853 -144.71038488115377 0
endloop
endfacet
facet normal -0.7730104533627319 -0.6343932841636518 0
outer loop
vertex 202.3482931347648 -144.5029207203756 1.0000000000000004
vertex 202.19905773742755 -144.3210768625731 1.0000000000000004
vertex 202.19905773745486 -144.3210768625483 0
endloop
endfacet
facet normal -0.7730104533627319 -0.6343932841636518 0
outer loop
vertex 202.3482931347648 -144.5029207203756 1.0000000000000004
vertex 202.19905773745486 -144.3210768625483 0
vertex 202.34829313475765 -144.50292072041455 0
endloop
endfacet
facet normal -0.6343932841636374 -0.7730104533627437 0
outer loop
vertex 202.19905773742755 -144.3210768625731 1.0000000000000004
vertex 202.01721387962115 -144.1718414652398 1
vertex 202.01721387959518 -144.17184146522737 0
endloop
endfacet
facet normal -0.6343932841636374 -0.7730104533627437 0
outer loop
vertex 202.19905773742755 -144.3210768625731 1.0000000000000004
vertex 202.01721387959518 -144.17184146522737 0
vertex 202.19905773745486 -144.3210768625483 0
endloop
endfacet
facet normal -0.4713967368259909 -0.8819212643483587 0
outer loop
vertex 202.01721387962115 -144.1718414652398 1
vertex 201.80974971883953 -144.0609495609839 1.0000000000000004
vertex 201.80974971884754 -144.0609495609886 0
endloop
endfacet
facet normal -0.4713967368259909 -0.8819212643483587 0
outer loop
vertex 202.01721387962115 -144.1718414652398 1
vertex 201.80974971884754 -144.0609495609886 0
vertex 202.01721387959518 -144.17184146522737 0
endloop
endfacet
facet normal -0.2902846772544479 -0.9569403357322133 0
outer loop
vertex 201.80974971883953 -144.0609495609839 1.0000000000000004
vertex 201.58463798641966 -143.99266266351503 1
vertex 201.58463798642774 -143.9926626635181 0
endloop
endfacet
facet normal -0.2902846772544479 -0.9569403357322133 0
outer loop
vertex 201.80974971883953 -144.0609495609839 1.0000000000000004
vertex 201.58463798642774 -143.9926626635181 0
vertex 201.80974971884754 -144.0609495609886 0
endloop
endfacet
facet normal -0.09801714032948901 -0.995184726672204 0
outer loop
vertex 201.58463798641966 -143.99266266351503 1
vertex 201.35052959999996 -143.96960500000057 1.0000000000000004
vertex 201.35052959999157 -143.96960500000037 0
endloop
endfacet
facet normal -0.09801714032948901 -0.995184726672204 0
outer loop
vertex 201.58463798641966 -143.99266266351503 1
vertex 201.35052959999157 -143.96960500000037 0
vertex 201.58463798642774 -143.9926626635181 0
endloop
endfacet
facet normal 0.09801714032951732 -0.9951847266722011 0
outer loop
vertex 201.35052959999996 -143.96960500000057 1.0000000000000004
vertex 201.11642121358057 -143.99266266351503 1
vertex 201.11642121355518 -143.9926626635181 0
endloop
endfacet
facet normal 0.09801714032951732 -0.9951847266722011 0
outer loop
vertex 201.35052959999996 -143.96960500000057 1.0000000000000004
vertex 201.11642121355518 -143.9926626635181 0
vertex 201.35052959999157 -143.96960500000037 0
endloop
endfacet
facet normal 0.2902846772544479 -0.9569403357322133 0
outer loop
vertex 201.11642121358057 -143.99266266351503 1
vertex 200.89130948116167 -144.06094956098582 1
vertex 200.89130948116212 -144.0609495609886 0
endloop
endfacet
facet normal 0.2902846772544479 -0.9569403357322133 0
outer loop
vertex 201.11642121358057 -143.99266266351503 1
vertex 200.89130948116212 -144.0609495609886 0
vertex 201.11642121355518 -143.9926626635181 0
endloop
endfacet
facet normal 0.47139673682596345 -0.8819212643483734 0
outer loop
vertex 200.89130948116167 -144.06094956098582 1
vertex 200.68384532037652 -144.17184146523704 1.0000000000000004
vertex 200.68384532040133 -144.17184146522737 0
endloop
endfacet
facet normal 0.47139673682596345 -0.8819212643483734 0
outer loop
vertex 200.89130948116167 -144.06094956098582 1
vertex 200.68384532040133 -144.17184146522737 0
vertex 200.89130948116212 -144.0609495609886 0
endloop
endfacet
facet normal 0.6343932841636208 -0.7730104533627572 0
outer loop
vertex 200.68384532037652 -144.17184146523704 1.0000000000000004
vertex 200.5020014625762 -144.32107686257623 1
vertex 200.50200146259957 -144.3210768625483 0
endloop
endfacet
facet normal 0.6343932841636208 -0.7730104533627572 0
outer loop
vertex 200.68384532037652 -144.17184146523704 1.0000000000000004
vertex 200.50200146259957 -144.3210768625483 0
vertex 200.68384532040133 -144.17184146522737 0
endloop
endfacet
facet normal 0.7730104533627572 -0.6343932841636208 0
outer loop
vertex 200.5020014625762 -144.32107686257623 1
vertex 200.35276606523692 -144.50292072037647 1
vertex 200.35276606518417 -144.50292072041455 0
endloop
endfacet
facet normal 0.7730104533627572 -0.6343932841636208 0
outer loop
vertex 200.5020014625762 -144.32107686257623 1
vertex 200.35276606518417 -144.50292072041455 0
vertex 200.50200146259957 -144.3210768625483 0
endloop
endfacet
facet normal 0.8819212643483584 -0.4713967368259914 0
outer loop
vertex 200.35276606523692 -144.50292072037647 1
vertex 200.24187416098627 -144.7103848811618 1
vertex 200.24187416100926 -144.71038488115377 0
endloop
endfacet
facet normal 0.8819212643483584 -0.4713967368259914 0
outer loop
vertex 200.35276606523692 -144.50292072037647 1
vertex 200.24187416100926 -144.71038488115377 0
vertex 200.35276606518417 -144.50292072041455 0
endloop
endfacet
facet normal 0.9569403357322133 -0.2902846772544479 0
outer loop
vertex 200.24187416098627 -144.7103848811618 1
vertex 200.17358726351648 -144.93549661358074 1
vertex 200.17358726351193 -144.93549661359063 0
endloop
endfacet
facet normal 0.9569403357322133 -0.2902846772544479 0
outer loop
vertex 200.24187416098627 -144.7103848811618 1
vertex 200.17358726351193 -144.93549661359063 0
vertex 200.24187416100926 -144.71038488115377 0
endloop
endfacet
facet normal 0.9951847266722011 -0.09801714032951749 0
outer loop
vertex 200.17358726351648 -144.93549661358074 1
vertex 200.15052959999923 -145.16960499999993 1
vertex 200.1505296000005 -145.1696049999908 0
endloop
endfacet
facet normal 0.9951847266722011 -0.09801714032951749 0
outer loop
vertex 200.17358726351648 -144.93549661358074 1
vertex 200.1505296000005 -145.1696049999908 0
vertex 200.17358726351193 -144.93549661359063 0
endloop
endfacet
facet normal 0.9951847266722011 0.09801714032951749 0
outer loop
vertex 200.15052959999923 -145.16960499999993 1
vertex 200.17358726351745 -145.4037133864192 1
vertex 200.17358726351793 -145.40371338642612 0
endloop
endfacet
facet normal 0.9951847266722011 0.09801714032951749 0
outer loop
vertex 200.15052959999923 -145.16960499999993 1
vertex 200.17358726351793 -145.40371338642612 0
vertex 200.1505296000005 -145.1696049999908 0
endloop
endfacet
facet normal 0.9569403357322133 0.2902846772544479 0
outer loop
vertex 200.17358726351745 -145.4037133864192 1
vertex 200.24187416098562 -145.62882511883836 1
vertex 200.2418741609856 -145.62882511883444 0
endloop
endfacet
facet normal 0.9569403357322133 0.2902846772544479 0
outer loop
vertex 200.17358726351745 -145.4037133864192 1
vertex 200.2418741609856 -145.62882511883444 0
vertex 200.17358726351793 -145.40371338642612 0
endloop
endfacet
facet normal 0.8819212643483494 0.47139673682600847 0
outer loop
vertex 200.24187416098562 -145.62882511883836 1
vertex 200.3527660652387 -145.8362892796226 1.0000000000000004
vertex 200.3527660652354 -145.8362892796261 0
endloop
endfacet
facet normal 0.8819212643483494 0.47139673682600847 0
outer loop
vertex 200.24187416098562 -145.62882511883836 1
vertex 200.3527660652354 -145.8362892796261 0
vertex 200.2418741609856 -145.62882511883444 0
endloop
endfacet
facet normal 0.7730104533627445 0.6343932841636364 0
outer loop
vertex 200.3527660652387 -145.8362892796226 1.0000000000000004
vertex 200.50200146257137 -146.01813313742778 1.0000000000000004
vertex 200.5020014625901 -146.01813313741945 0
endloop
endfacet
facet normal 0.7730104533627445 0.6343932841636364 0
outer loop
vertex 200.3527660652387 -145.8362892796226 1.0000000000000004
vertex 200.5020014625901 -146.01813313741945 0
vertex 200.3527660652354 -145.8362892796261 0
endloop
endfacet
facet normal 0.6343932841636207 0.7730104533627574 0
outer loop
vertex 200.50200146257137 -146.01813313742778 1.0000000000000004
vertex 200.6838453203769 -146.1673685347626 1.0000000000000004
vertex 200.68384532036333 -146.16736853476786 0
endloop
endfacet
facet normal 0.6343932841636207 0.7730104533627574 0
outer loop
vertex 200.50200146257137 -146.01813313742778 1.0000000000000004
vertex 200.68384532036333 -146.16736853476786 0
vertex 200.5020014625901 -146.01813313741945 0
endloop
endfacet
facet normal 0.4713967368259579 0.8819212643483763 0
outer loop
vertex 200.6838453203769 -146.1673685347626 1.0000000000000004
vertex 200.89130948116002 -146.27826043901706 1
vertex 200.8913094811615 -146.27826043900905 0
endloop
endfacet
facet normal 0.4713967368259579 0.8819212643483763 0
outer loop
vertex 200.6838453203769 -146.1673685347626 1.0000000000000004
vertex 200.8913094811615 -146.27826043900905 0
vertex 200.68384532036333 -146.16736853476786 0
endloop
endfacet
facet normal 0.2902846772544479 0.9569403357322133 0
outer loop
vertex 200.89130948116002 -146.27826043901706 1
vertex 201.11642121358094 -146.34654733648287 1
vertex 201.1164212135798 -146.34654733648588 0
endloop
endfacet
facet normal 0.2902846772544479 0.9569403357322133 0
outer loop
vertex 200.89130948116002 -146.27826043901706 1
vertex 201.1164212135798 -146.34654733648588 0
vertex 200.8913094811615 -146.27826043900905 0
endloop
endfacet
facet normal 0.09801714032951732 0.9951847266722011 0
outer loop
vertex 201.11642121358094 -146.34654733648287 1
vertex 201.35052959999993 -146.36960500000131 1
vertex 201.3505295999894 -146.3696049999998 0
endloop
endfacet
facet normal 0.09801714032951732 0.9951847266722011 0
outer loop
vertex 201.11642121358094 -146.34654733648287 1
vertex 201.3505295999894 -146.3696049999998 0
vertex 201.1164212135798 -146.34654733648588 0
endloop
endfacet
facet normal -0.09801714032951732 0.9951847266722011 0
outer loop
vertex 201.35052959999993 -146.36960500000131 1
vertex 201.58463798641935 -146.3465473364834 1
vertex 201.5846379864249 -146.34654733648588 0
endloop
endfacet
facet normal -0.09801714032951732 0.9951847266722011 0
outer loop
vertex 201.35052959999993 -146.36960500000131 1
vertex 201.5846379864249 -146.34654733648588 0
vertex 201.3505295999894 -146.3696049999998 0
endloop
endfacet
facet normal -0.2902846772544479 0.9569403357322133 0
outer loop
vertex 201.58463798641935 -146.3465473364834 1
vertex 201.8097497188383 -146.27826043901416 1
vertex 201.80974971884393 -146.27826043900905 0
endloop
endfacet
facet normal -0.2902846772544479 0.9569403357322133 0
outer loop
vertex 201.58463798641935 -146.3465473364834 1
vertex 201.80974971884393 -146.27826043900905 0
vertex 201.5846379864249 -146.34654733648588 0
endloop
endfacet
facet normal -0.4713967368259914 0.8819212643483584 0
outer loop
vertex 201.8097497188383 -146.27826043901416 1
vertex 202.01721387962436 -146.16736853476465 1
vertex 202.01721387961692 -146.16736853476786 0
endloop
endfacet
facet normal -0.4713967368259914 0.8819212643483584 0
outer loop
vertex 201.8097497188383 -146.27826043901416 1
vertex 202.01721387961692 -146.16736853476786 0
vertex 201.80974971884393 -146.27826043900905 0
endloop
endfacet
facet normal -0.6343932841636208 0.7730104533627572 0
outer loop
vertex 202.01721387962436 -146.16736853476465 1
vertex 202.19905773742394 -146.01813313742394 1
vertex 202.19905773742352 -146.01813313741945 0
endloop
endfacet
facet normal -0.6343932841636208 0.7730104533627572 0
outer loop
vertex 202.01721387962436 -146.16736853476465 1
vertex 202.19905773742352 -146.01813313741945 0
vertex 202.01721387961692 -146.16736853476786 0
endloop
endfacet
facet normal -0.7730104533627572 0.6343932841636208 0
outer loop
vertex 202.19905773742394 -146.01813313742394 1
vertex 202.34829313476308 -145.83628927962351 1
vertex 202.3482931347623 -145.8362892796261 0
endloop
endfacet
facet normal -0.7730104533627572 0.6343932841636208 0
outer loop
vertex 202.19905773742394 -146.01813313742394 1
vertex 202.3482931347623 -145.8362892796261 0
vertex 202.19905773742352 -146.01813313741945 0
endloop
endfacet
facet normal -0.8819212643483584 0.4713967368259914 0
outer loop
vertex 202.34829313476308 -145.83628927962351 1
vertex 202.45918503901333 -145.628825118838 1
vertex 202.45918503901478 -145.62882511883444 0
endloop
endfacet
facet normal -0.8819212643483584 0.4713967368259914 0
outer loop
vertex 202.34829313476308 -145.83628927962351 1
vertex 202.45918503901478 -145.62882511883444 0
vertex 202.3482931347623 -145.8362892796261 0
endloop
endfacet
facet normal -0.9569403357322133 0.2902846772544479 0
outer loop
vertex 202.45918503901333 -145.628825118838 1
vertex 202.52747193648264 -145.40371338641924 1.0000000000000004
vertex 202.52747193648193 -145.40371338642612 0
endloop
endfacet
facet normal -0.9569403357322133 0.2902846772544479 0
outer loop
vertex 202.45918503901333 -145.628825118838 1
vertex 202.52747193648193 -145.40371338642612 0
vertex 202.45918503901478 -145.62882511883444 0
endloop
endfacet
facet normal -0.9951847266722011 0.0980171403295175 0
outer loop
vertex 240.17180093648307 -145.4037133864193 1
vertex 240.19485859999918 -145.1696049999999 1
vertex 240.19485860000012 -145.1696049999908 0
endloop
endfacet
facet normal -0.9951847266722011 0.0980171403295175 0
outer loop
vertex 240.17180093648307 -145.4037133864193 1
vertex 240.19485860000012 -145.1696049999908 0
vertex 240.1718009364824 -145.40371338642612 0
endloop
endfacet
facet normal -0.9951847266722011 -0.0980171403295175 0
outer loop
vertex 240.19485859999918 -145.1696049999999 1
vertex 240.17180093648489 -144.93549661358054 1
vertex 240.17180093648588 -144.93549661359063 0
endloop
endfacet
facet normal -0.9951847266722011 -0.0980171403295175 0
outer loop
vertex 240.19485859999918 -145.1696049999999 1
vertex 240.17180093648588 -144.93549661359063 0
vertex 240.19485860000012 -145.1696049999908 0
endloop
endfacet
facet normal -0.9569403357322133 -0.2902846772544479 0
outer loop
vertex 240.17180093648489 -144.93549661358054 1
vertex 240.10351403901262 -144.71038488116216 1
vertex 240.10351403901007 -144.71038488115377 0
endloop
endfacet
facet normal -0.9569403357322133 -0.2902846772544479 0
outer loop
vertex 240.17180093648489 -144.93549661358054 1
vertex 240.10351403901007 -144.71038488115377 0
vertex 240.17180093648588 -144.93549661359063 0
endloop
endfacet
facet normal -0.8819212643483584 -0.4713967368259914 0
outer loop
vertex 240.10351403901262 -144.71038488116216 1
vertex 239.99262213476374 -144.5029207203761 1
vertex 239.99262213478426 -144.50292072041455 0
endloop
endfacet
facet normal -0.8819212643483584 -0.4713967368259914 0
outer loop
vertex 240.10351403901262 -144.71038488116216 1
vertex 239.99262213478426 -144.50292072041455 0
vertex 240.10351403901007 -144.71038488115377 0
endloop
endfacet
facet normal -0.7730104533627797 -0.6343932841635934 0
outer loop
vertex 239.99262213476374 -144.5029207203761 1
vertex 239.84338673741786 -144.32107686258107 1
vertex 239.84338673739097 -144.3210768625483 0
endloop
endfacet
facet normal -0.7730104533627797 -0.6343932841635934 0
outer loop
vertex 239.99262213476374 -144.5029207203761 1
vertex 239.84338673739097 -144.3210768625483 0
vertex 239.99262213478426 -144.50292072041455 0
endloop
endfacet
facet normal -0.6343932841636208 -0.7730104533627572 0
outer loop
vertex 239.84338673741786 -144.32107686258107 1
vertex 239.6615428796239 -144.1718414652364 1
vertex 239.66154287961288 -144.17184146522737 0
endloop
endfacet
facet normal -0.6343932841636208 -0.7730104533627572 0
outer loop
vertex 239.84338673741786 -144.32107686258107 1
vertex 239.66154287961288 -144.17184146522737 0
vertex 239.84338673739097 -144.3210768625483 0
endloop
endfacet
facet normal -0.4713967368259573 -0.8819212643483767 0
outer loop
vertex 239.6615428796239 -144.1718414652364 1
vertex 239.45407871883975 -144.0609495609835 1
vertex 239.4540787188494 -144.0609495609886 0
endloop
endfacet
facet normal -0.4713967368259573 -0.8819212643483767 0
outer loop
vertex 239.6615428796239 -144.1718414652364 1
vertex 239.4540787188494 -144.0609495609886 0
vertex 239.66154287961288 -144.17184146522737 0
endloop
endfacet
facet normal -0.2902846772544479 -0.9569403357322133 0
outer loop
vertex 239.45407871883975 -144.0609495609835 1
vertex 239.2289669864197 -143.99266266351498 1
vertex 239.22896698643004 -143.9926626635181 0
endloop
endfacet
facet normal -0.2902846772544479 -0.9569403357322133 0
outer loop
vertex 239.45407871883975 -144.0609495609835 1
vertex 239.22896698643004 -143.9926626635181 0
vertex 239.4540787188494 -144.0609495609886 0
endloop
endfacet
facet normal -0.09801714032951732 -0.9951847266722011 0
outer loop
vertex 239.2289669864197 -143.99266266351498 1
vertex 238.99485859999993 -143.96960500000094 1
vertex 238.99485859999416 -143.96960500000037 0
endloop
endfacet
facet normal -0.09801714032951732 -0.9951847266722011 0
outer loop
vertex 239.2289669864197 -143.99266266351498 1
vertex 238.99485859999416 -143.96960500000037 0
vertex 239.22896698643004 -143.9926626635181 0
endloop
endfacet
facet normal 0.09801714032948901 -0.995184726672204 0
outer loop
vertex 238.99485859999993 -143.96960500000094 1
vertex 238.76075021358065 -143.9926626635159 1.0000000000000004
vertex 238.76075021355825 -143.9926626635181 0
endloop
endfacet
facet normal 0.09801714032948901 -0.995184726672204 0
outer loop
vertex 238.99485859999993 -143.96960500000094 1
vertex 238.76075021355825 -143.9926626635181 0
vertex 238.99485859999416 -143.96960500000037 0
endloop
endfacet
facet normal 0.2902846772544479 -0.9569403357322133 0
outer loop
vertex 238.76075021358065 -143.9926626635159 1.0000000000000004
vertex 238.53563848116215 -144.06094956098724 1
vertex 238.53563848116556 -144.0609495609886 0
endloop
endfacet
facet normal 0.2902846772544479 -0.9569403357322133 0
outer loop
vertex 238.76075021358065 -143.9926626635159 1.0000000000000004
vertex 238.53563848116556 -144.0609495609886 0
vertex 238.76075021355825 -143.9926626635181 0
endloop
endfacet
facet normal 0.47139673682596933 -0.8819212643483703 0
outer loop
vertex 238.53563848116215 -144.06094956098724 1
vertex 238.32817432037734 -144.17184146523846 1.0000000000000004
vertex 238.32817432040247 -144.17184146522737 0
endloop
endfacet
facet normal 0.47139673682596933 -0.8819212643483703 0
outer loop
vertex 238.53563848116215 -144.06094956098724 1
vertex 238.32817432040247 -144.17184146522737 0
vertex 238.53563848116556 -144.0609495609886 0
endloop
endfacet
facet normal 0.6343932841636208 -0.7730104533627572 0
outer loop
vertex 238.32817432037734 -144.17184146523846 1.0000000000000004
vertex 238.1463304625762 -144.3210768625763 1
vertex 238.14633046259448 -144.3210768625483 0
endloop
endfacet
facet normal 0.6343932841636208 -0.7730104533627572 0
outer loop
vertex 238.32817432037734 -144.17184146523846 1.0000000000000004
vertex 238.14633046259448 -144.3210768625483 0
vertex 238.32817432040247 -144.17184146522737 0
endloop
endfacet
facet normal 0.7730104533627572 -0.6343932841636208 0
outer loop
vertex 238.1463304625762 -144.3210768625763 1
vertex 237.99709506523683 -144.5029207203764 1
vertex 237.99709506518428 -144.50292072041455 0
endloop
endfacet
facet normal 0.7730104533627572 -0.6343932841636208 0
outer loop
vertex 238.1463304625762 -144.3210768625763 1
vertex 237.99709506518428 -144.50292072041455 0
vertex 238.14633046259448 -144.3210768625483 0
endloop
endfacet
facet normal 0.8819212643483584 -0.4713967368259914 0
outer loop
vertex 237.99709506523683 -144.5029207203764 1
vertex 237.88620316098647 -144.7103848811619 1
vertex 237.88620316100983 -144.71038488115377 0
endloop
endfacet
facet normal 0.8819212643483584 -0.4713967368259914 0
outer loop
vertex 237.99709506523683 -144.5029207203764 1
vertex 237.88620316100983 -144.71038488115377 0
vertex 237.99709506518428 -144.50292072041455 0
endloop
endfacet
facet normal 0.9569403357322042 -0.2902846772544779 0
outer loop
vertex 237.88620316098647 -144.7103848811619 1
vertex 237.81791626351418 -144.93549661358006 1
vertex 237.81791626350582 -144.93549661359063 0
endloop
endfacet
facet normal 0.9569403357322042 -0.2902846772544779 0
outer loop
vertex 237.88620316098647 -144.7103848811619 1
vertex 237.81791626350582 -144.93549661359063 0
vertex 237.88620316100983 -144.71038488115377 0
endloop
endfacet
facet normal 0.9951847266722011 -0.0980171403295175 0
outer loop
vertex 237.81791626351418 -144.93549661358006 1
vertex 237.79485859999957 -145.16960499999993 1
vertex 237.79485860000221 -145.1696049999908 0
endloop
endfacet
facet normal 0.9951847266722011 -0.0980171403295175 0
outer loop
vertex 237.81791626351418 -144.93549661358006 1
vertex 237.79485860000221 -145.1696049999908 0
vertex 237.81791626350582 -144.93549661359063 0
endloop
endfacet
facet normal 0.9951847266722011 0.0980171403295175 0
outer loop
vertex 237.79485859999957 -145.16960499999993 1
vertex 237.8179162635166 -145.40371338641933 1
vertex 237.8179162635177 -145.40371338642612 0
endloop
endfacet
facet normal 0.9951847266722011 0.0980171403295175 0
outer loop
vertex 237.79485859999957 -145.16960499999993 1
vertex 237.8179162635177 -145.40371338642612 0
vertex 237.79485860000221 -145.1696049999908 0
endloop
endfacet
facet normal 0.9569403357322133 0.2902846772544479 0
outer loop
vertex 237.8179162635166 -145.40371338641933 1
vertex 237.88620316098564 -145.62882511883836 1
vertex 237.88620316098445 -145.62882511883444 0
endloop
endfacet
facet normal 0.9569403357322133 0.2902846772544479 0
outer loop
vertex 237.8179162635166 -145.40371338641933 1
vertex 237.88620316098445 -145.62882511883444 0
vertex 237.8179162635177 -145.40371338642612 0
endloop
endfacet
facet normal 0.8819212643483734 0.47139673682596345 0
outer loop
vertex 237.88620316098564 -145.62882511883836 1
vertex 237.99709506523692 -145.83628927962354 1.0000000000000004
vertex 237.99709506523826 -145.8362892796261 0
endloop
endfacet
facet normal 0.8819212643483734 0.47139673682596345 0
outer loop
vertex 237.88620316098564 -145.62882511883836 1
vertex 237.99709506523826 -145.8362892796261 0
vertex 237.88620316098445 -145.62882511883444 0
endloop
endfacet
facet normal 0.7730104533627572 0.6343932841636208 0
outer loop
vertex 237.99709506523692 -145.83628927962354 1.0000000000000004
vertex 238.14633046257563 -146.01813313742423 1
vertex 238.1463304625717 -146.01813313741945 0
endloop
endfacet
facet normal 0.7730104533627572 0.6343932841636208 0
outer loop
vertex 237.99709506523692 -145.83628927962354 1.0000000000000004
vertex 238.1463304625717 -146.01813313741945 0
vertex 237.99709506523826 -145.8362892796261 0
endloop
endfacet
facet normal 0.6343932841636208 0.7730104533627572 0
outer loop
vertex 238.14633046257563 -146.01813313742423 1
vertex 238.32817432037686 -146.1673685347626 1
vertex 238.32817432038328 -146.16736853476786 0
endloop
endfacet
facet normal 0.6343932841636208 0.7730104533627572 0
outer loop
vertex 238.14633046257563 -146.01813313742423 1
vertex 238.32817432038328 -146.16736853476786 0
vertex 238.1463304625717 -146.01813313741945 0
endloop
endfacet
facet normal 0.47139673682599126 0.8819212643483585 0
outer loop
vertex 238.32817432037686 -146.1673685347626 1
vertex 238.5356384811614 -146.27826043901445 1
vertex 238.5356384811513 -146.27826043900905 0
endloop
endfacet
facet normal 0.47139673682599126 0.8819212643483585 0
outer loop
vertex 238.32817432037686 -146.1673685347626 1
vertex 238.5356384811513 -146.27826043900905 0
vertex 238.32817432038328 -146.16736853476786 0
endloop
endfacet
facet normal 0.2902846772544479 0.9569403357322133 0
outer loop
vertex 238.5356384811614 -146.27826043901445 1
vertex 238.76075021358105 -146.3465473364827 1
vertex 238.7607502135915 -146.34654733648588 0
endloop
endfacet
facet normal 0.2902846772544479 0.9569403357322133 0
outer loop
vertex 238.5356384811614 -146.27826043901445 1
vertex 238.7607502135915 -146.34654733648588 0
vertex 238.5356384811513 -146.27826043900905 0
endloop
endfacet
facet normal 0.09801714032951732 0.9951847266722011 0
outer loop
vertex 238.76075021358105 -146.3465473364827 1
vertex 238.99485859999996 -146.36960500000094 1
vertex 238.99485859998856 -146.3696049999998 0
endloop
endfacet
facet normal 0.09801714032951732 0.9951847266722011 0
outer loop
vertex 238.76075021358105 -146.3465473364827 1
vertex 238.99485859998856 -146.3696049999998 0
vertex 238.7607502135915 -146.34654733648588 0
endloop
endfacet
facet normal -0.09801714032951732 0.9951847266722011 0
outer loop
vertex 238.99485859999996 -146.36960500000094 1
vertex 239.22896698641927 -146.34654733648256 1
vertex 239.2289669864303 -146.34654733648588 0
endloop
endfacet
facet normal -0.09801714032951732 0.9951847266722011 0
outer loop
vertex 238.99485859999996 -146.36960500000094 1
vertex 239.2289669864303 -146.34654733648588 0
vertex 238.99485859998856 -146.3696049999998 0
endloop
endfacet
facet normal -0.2902846772544479 0.9569403357322133 0
outer loop
vertex 239.22896698641927 -146.34654733648256 1
vertex 239.45407871883836 -146.27826043901436 1
vertex 239.45407871883793 -146.27826043900905 0
endloop
endfacet
facet normal -0.2902846772544479 0.9569403357322133 0
outer loop
vertex 239.22896698641927 -146.34654733648256 1
vertex 239.45407871883793 -146.27826043900905 0
vertex 239.2289669864303 -146.34654733648588 0
endloop
endfacet
facet normal -0.47139673682596933 0.8819212643483701 0
outer loop
vertex 239.45407871883836 -146.27826043901436 1
vertex 239.6615428796239 -146.16736853476374 1
vertex 239.6615428796213 -146.16736853476786 0
endloop
endfacet
facet normal -0.47139673682596933 0.8819212643483701 0
outer loop
vertex 239.45407871883836 -146.27826043901436 1
vertex 239.6615428796213 -146.16736853476786 0
vertex 239.45407871883793 -146.27826043900905 0
endloop
endfacet
facet normal -0.6343932841636208 0.7730104533627572 0
outer loop
vertex 239.6615428796239 -146.16736853476374 1
vertex 239.84338673742397 -146.018133137424 1
vertex 239.84338673742337 -146.01813313741945 0
endloop
endfacet
facet normal -0.6343932841636208 0.7730104533627572 0
outer loop
vertex 239.6615428796239 -146.16736853476374 1
vertex 239.84338673742337 -146.01813313741945 0
vertex 239.6615428796213 -146.16736853476786 0
endloop
endfacet
facet normal -0.7730104533627825 0.63439328416359 0
outer loop
vertex 239.84338673742397 -146.018133137424 1
vertex 239.99262213476308 -145.83628927962354 1
vertex 239.9926221347641 -145.8362892796261 0
endloop
endfacet
facet normal -0.7730104533627825 0.63439328416359 0
outer loop
vertex 239.84338673742397 -146.018133137424 1
vertex 239.9926221347641 -145.8362892796261 0
vertex 239.84338673742337 -146.01813313741945 0
endloop
endfacet
facet normal -0.8819212643483703 0.47139673682596933 0
outer loop
vertex 239.99262213476308 -145.83628927962354 1
vertex 240.10351403901387 -145.6288251188383 1.0000000000000004
vertex 240.103514039008 -145.62882511883444 0
endloop
endfacet
facet normal -0.8819212643483703 0.47139673682596933 0
outer loop
vertex 239.99262213476308 -145.83628927962354 1
vertex 240.103514039008 -145.62882511883444 0
vertex 239.9926221347641 -145.8362892796261 0
endloop
endfacet
facet normal -0.9569403357322042 0.2902846772544779 0
outer loop
vertex 240.10351403901387 -145.6288251188383 1.0000000000000004
vertex 240.17180093648307 -145.4037133864193 1
vertex 240.1718009364824 -145.40371338642612 0
endloop
endfacet
facet normal -0.9569403357322042 0.2902846772544779 0
outer loop
vertex 240.10351403901387 -145.6288251188383 1.0000000000000004
vertex 240.1718009364824 -145.40371338642612 0
vertex 240.103514039008 -145.62882511883444 0
endloop
endfacet
facet normal 0 0 1
outer loop
vertex 243.17269410000023 -154.0815823 1
vertex 243.60681249416712 -154.04360053253055 1
vertex 244.0277424083143 -153.93081270196473 1
endloop
endfacet
facet normal 0 0 1
outer loop
vertex 243.17269410000023 -154.0815823 1
vertex 244.0277424083143 -153.93081270196473 1
vertex 244.42269204999974 -153.74664465946125 1
endloop
endfacet
facet normal 0 0 1
outer loop
vertex 243.17269410000023 -154.0815823 1
vertex 244.42269204999974 -153.74664465946125 1
vertex 244.77966107421634 -153.49669225779743 1
endloop
endfacet
facet normal 0 0 1
outer loop
vertex 243.17269410000023 -154.0815823 1
vertex 244.77966107421634 -153.49669225779743 1
vertex 245.08780315779742 -153.18855017421635 1
endloop
endfacet
facet normal 0 0 1
outer loop
vertex 243.17269410000023 -154.0815823 1
vertex 245.08780315779742 -153.18855017421635 1
vertex 245.33775555946102 -152.8315811500001 1
endloop
endfacet
facet normal 0 0 1
outer loop
vertex 243.17269410000023 -154.0815823 1
vertex 245.33775555946102 -152.8315811500001 1
vertex 245.52192360196477 -152.4366315083141 1
endloop
endfacet
facet normal 0 0 1
outer loop
vertex 243.17269410000023 -154.0815823 1
vertex 245.52192360196477 -152.4366315083141 1
vertex 245.63471143253054 -152.0157015941671 1
endloop
endfacet
facet normal 0 0 1
outer loop
vertex 243.17269410000023 -154.0815823 1
vertex 245.63471143253054 -152.0157015941671 1
vertex 245.67269205000002 -151.5815811499999 1
endloop
endfacet
facet normal 0 0 1
outer loop
vertex 243.17269410000023 -154.0815823 1
vertex 245.67269205000002 -151.5815811499999 1
vertex 245.67269211612904 -149.5815823 1
endloop
endfacet
facet normal 0 0 1
outer loop
vertex 243.17269410000023 -154.0815823 1
vertex 245.67269211612904 -149.5815823 1
vertex 223.6726941 -149.5815823 1
endloop
endfacet
facet normal 0 0 1
outer loop
vertex 243.17269410000023 -154.0815823 1
vertex 223.6726941 -149.5815823 1
vertex 216.6726941 -149.5815823 1
endloop
endfacet
facet normal 0 0 1
outer loop
vertex 243.17269410000023 -154.0815823 1
vertex 216.6726941 -149.5815823 1
vertex 194.67269403387098 -149.5815823 1
endloop
endfacet
facet normal 0 0 1
outer loop
vertex 243.17269410000023 -154.0815823 1
vertex 194.67269403387098 -149.5815823 1
vertex 194.6726941 -151.58158229999987 1
endloop
endfacet
facet normal 0 0 1
outer loop
vertex 243.17269410000023 -154.0815823 1
vertex 194.6726941 -151.58158229999987 1
vertex 194.71067266746948 -152.01570159416735 1
endloop
endfacet
facet normal 0 0 1
outer loop
vertex 243.17269410000023 -154.0815823 1
vertex 194.71067266746948 -152.01570159416735 1
vertex 194.82346049803522 -152.43663150831418 1
endloop
endfacet
facet normal 0 0 1
outer loop
vertex 243.17269410000023 -154.0815823 1
vertex 194.82346049803522 -152.43663150831418 1
vertex 195.0076285405389 -152.83158114999998 1
endloop
endfacet
facet normal 0 0 1
outer loop
vertex 243.17269410000023 -154.0815823 1
vertex 195.0076285405389 -152.83158114999998 1
vertex 195.25758094220265 -153.18855017421646 1
endloop
endfacet
facet normal 0 0 1
outer loop
vertex 243.17269410000023 -154.0815823 1
vertex 195.25758094220265 -153.18855017421646 1
vertex 195.56572302578363 -153.49669225779743 1
endloop
endfacet
facet normal 0 0 1
outer loop
vertex 243.17269410000023 -154.0815823 1
vertex 195.56572302578363 -153.49669225779743 1
vertex 195.92269205 -153.7466446594611 1
endloop
endfacet
facet normal 0 0 1
outer loop
vertex 243.17269410000023 -154.0815823 1
vertex 195.92269205 -153.7466446594611 1
vertex 196.31764169168594 -153.9308127019648 1
endloop
endfacet
facet normal 0 0 1
outer loop
vertex 243.17269410000023 -154.0815823 1
vertex 196.31764169168594 -153.9308127019648 1
vertex 196.7385716058327 -154.04360053253055 1
endloop
endfacet
facet normal 0 0 1
outer loop
vertex 243.17269410000023 -154.0815823 1
vertex 196.7385716058327 -154.04360053253055 1
vertex 197.1726920499998 -154.08158115 1
endloop
endfacet
facet normal 0 0 1
outer loop
vertex 216.6726941 -149.5815823 1
vertex 216.6726941 -147.5815823 1
vertex 194.67269396774196 -147.5815823 1
endloop
endfacet
facet normal 0 0 1
outer loop
vertex 216.6726941 -149.5815823 1
vertex 194.67269396774196 -147.5815823 1
vertex 194.67269403387098 -149.5815823 1
endloop
endfacet
facet normal 0 0 1
outer loop
vertex 245.67269211612904 -149.5815823 1
vertex 245.67269218225806 -147.5815823 1
vertex 223.6726941 -147.5815823 1
endloop
endfacet
facet normal 0 0 1
outer loop
vertex 245.67269211612904 -149.5815823 1
vertex 223.6726941 -147.5815823 1
vertex 223.6726941 -149.5815823 1
endloop
endfacet
facet normal 0 0 1
outer loop
vertex 216.6726941 -147.5815823 1
vertex 223.6726941 -147.5815823 1
vertex 245.67269218225806 -147.5815823 1
endloop
endfacet
facet normal 0 0 1
outer loop
vertex 216.6726941 -147.5815823 1
vertex 245.67269218225806 -147.5815823 1
vertex 245.6726922223315 -146.36960500000131 1
endloop
endfacet
facet normal 0 0 1
outer loop
vertex 216.6726941 -147.5815823 1
vertex 245.6726922223315 -146.36960500000131 1
vertex 238.99485859999996 -146.36960500000094 1
endloop
endfacet
facet normal 0 0 1
outer loop
vertex 216.6726941 -147.5815823 1
vertex 238.99485859999996 -146.36960500000094 1
vertex 201.35052959999993 -146.36960500000131 1
endloop
endfacet
facet normal 0 0 1
outer loop
vertex 216.6726941 -147.5815823 1
vertex 201.35052959999993 -146.36960500000131 1
vertex 194.67269392766852 -146.36960500000131 1
endloop
endfacet
facet normal 0 0 1
outer loop
vertex 216.6726941 -147.5815823 1
vertex 194.67269392766852 -146.36960500000131 1
vertex 194.67269396774196 -147.5815823 1
endloop
endfacet
facet normal 0 0 1
outer loop
vertex 201.35052959999993 -146.36960500000131 1
vertex 201.11642121358094 -146.34654733648287 1
vertex 194.67269392690613 -146.34654733648287 1
endloop
endfacet
facet normal 0 0 1
outer loop
vertex 201.35052959999993 -146.36960500000131 1
vertex 194.67269392690613 -146.34654733648287 1
vertex 194.67269392766852 -146.36960500000131 1
endloop
endfacet
facet normal 0 0 1
outer loop
vertex 238.99485859999996 -146.36960500000094 1
vertex 238.76075021358105 -146.3465473364827 1
vertex 201.58463798641935 -146.3465473364834 1
endloop
endfacet
facet normal 0 0 1
outer loop
vertex 238.99485859999996 -146.36960500000094 1
vertex 201.58463798641935 -146.3465473364834 1
vertex 201.35052959999993 -146.36960500000131 1
endloop
endfacet
facet normal 0 0 1
outer loop
vertex 245.6726922223315 -146.36960500000131 1
vertex 245.6726922230939 -146.34654733648287 1
vertex 239.22896698641927 -146.34654733648256 1
endloop
endfacet
facet normal 0 0 1
outer loop
vertex 245.6726922223315 -146.36960500000131 1
vertex 239.22896698641927 -146.34654733648256 1
vertex 238.99485859999996 -146.36960500000094 1
endloop
endfacet
facet normal 0 0 1
outer loop
vertex 201.11642121358094 -146.34654733648287 1
vertex 200.89130948116002 -146.27826043901706 1
vertex 194.67269392464826 -146.27826043901706 1
endloop
endfacet
facet normal 0 0 1
outer loop
vertex 201.11642121358094 -146.34654733648287 1
vertex 194.67269392464826 -146.27826043901706 1
vertex 194.67269392690613 -146.34654733648287 1
endloop
endfacet
facet normal 0 0 1
outer loop
vertex 238.76075021358105 -146.3465473364827 1
vertex 238.5356384811614 -146.27826043901445 1
vertex 201.8097497188383 -146.27826043901416 1
endloop
endfacet
facet normal 0 0 1
outer loop
vertex 238.76075021358105 -146.3465473364827 1
vertex 201.8097497188383 -146.27826043901416 1
vertex 201.58463798641935 -146.3465473364834 1
endloop
endfacet
facet normal 0 0 1
outer loop
vertex 245.6726922230939 -146.34654733648287 1
vertex 245.67269222535177 -146.27826043901706 1
vertex 239.45407871883836 -146.27826043901436 1
endloop
endfacet
facet normal 0 0 1
outer loop
vertex 245.6726922230939 -146.34654733648287 1
vertex 239.45407871883836 -146.27826043901436 1
vertex 239.22896698641927 -146.34654733648256 1
endloop
endfacet
facet normal 0 0 1
outer loop
vertex 200.89130948116002 -146.27826043901706 1
vertex 200.6838453203769 -146.1673685347626 1.0000000000000004
vertex 194.6726939209817 -146.1673685347626 1
endloop
endfacet
facet normal 0 0 1
outer loop
vertex 200.89130948116002 -146.27826043901706 1
vertex 194.6726939209817 -146.1673685347626 1
vertex 194.67269392464826 -146.27826043901706 1
endloop
endfacet
facet normal 0 0 1
outer loop
vertex 238.5356384811614 -146.27826043901445 1
vertex 238.32817432037686 -146.1673685347626 1
vertex 202.01721387962436 -146.16736853476465 1
endloop
endfacet
facet normal 0 0 1
outer loop
vertex 238.5356384811614 -146.27826043901445 1
vertex 202.01721387962436 -146.16736853476465 1
vertex 201.8097497188383 -146.27826043901416 1
endloop
endfacet
facet normal 0 0 1
outer loop
vertex 245.67269222535177 -146.27826043901706 1
vertex 245.67269222901834 -146.1673685347626 1
vertex 239.6615428796239 -146.16736853476374 1
endloop
endfacet
facet normal 0 0 1
outer loop
vertex 245.67269222535177 -146.27826043901706 1
vertex 239.6615428796239 -146.16736853476374 1
vertex 239.45407871883836 -146.27826043901436 1
endloop
endfacet
facet normal 0 0 1
outer loop
vertex 200.6838453203769 -146.1673685347626 1.0000000000000004
vertex 200.50200146257137 -146.01813313742778 1.0000000000000004
vertex 194.67269391604728 -146.01813313742778 1
endloop
endfacet
facet normal 0 0 1
outer loop
vertex 200.6838453203769 -146.1673685347626 1.0000000000000004
vertex 194.67269391604728 -146.01813313742778 1
vertex 194.6726939209817 -146.1673685347626 1
endloop
endfacet
facet normal 0 0 1
outer loop
vertex 238.32817432037686 -146.1673685347626 1
vertex 238.14633046257563 -146.01813313742423 1
vertex 202.19905773742394 -146.01813313742394 1
endloop
endfacet
facet normal 0 0 1
outer loop
vertex 238.32817432037686 -146.1673685347626 1
vertex 202.19905773742394 -146.01813313742394 1
vertex 202.01721387962436 -146.16736853476465 1
endloop
endfacet
facet normal 0 0 1
outer loop
vertex 245.67269222901834 -146.1673685347626 1
vertex 245.67269223395274 -146.01813313742778 1
vertex 239.84338673742397 -146.018133137424 1
endloop
endfacet
facet normal 0 0 1
outer loop
vertex 245.67269222901834 -146.1673685347626 1
vertex 239.84338673742397 -146.018133137424 1
vertex 239.6615428796239 -146.16736853476374 1
endloop
endfacet
facet normal 0 0 1
outer loop
vertex 200.50200146257137 -146.01813313742778 1.0000000000000004
vertex 200.3527660652387 -145.8362892796226 1.0000000000000004
vertex 194.6726939100347 -145.8362892796226 1
endloop
endfacet
facet normal 0 0 1
outer loop
vertex 200.50200146257137 -146.01813313742778 1.0000000000000004
vertex 194.6726939100347 -145.8362892796226 1
vertex 194.67269391604728 -146.01813313742778 1
endloop
endfacet
facet normal 0 0 1
outer loop
vertex 238.14633046257563 -146.01813313742423 1
vertex 237.99709506523692 -145.83628927962354 1.0000000000000004
vertex 202.34829313476308 -145.83628927962351 1
endloop
endfacet
facet normal 0 0 1
outer loop
vertex 238.14633046257563 -146.01813313742423 1
vertex 202.34829313476308 -145.83628927962351 1
vertex 202.19905773742394 -146.01813313742394 1
endloop
endfacet
facet normal 0 0 1
outer loop
vertex 245.67269223395274 -146.01813313742778 1
vertex 245.67269223996533 -145.8362892796226 1
vertex 239.99262213476308 -145.83628927962354 1
endloop
endfacet
facet normal 0 0 1
outer loop
vertex 245.67269223395274 -146.01813313742778 1
vertex 239.99262213476308 -145.83628927962354 1
vertex 239.84338673742397 -146.018133137424 1
endloop
endfacet
facet normal 0 0 1
outer loop
vertex 200.3527660652387 -145.8362892796226 1.0000000000000004
vertex 200.24187416098562 -145.62882511883836 1
vertex 194.672693903175 -145.62882511883836 1
endloop
endfacet
facet normal 0 0 1
outer loop
vertex 200.3527660652387 -145.8362892796226 1.0000000000000004
vertex 194.672693903175 -145.62882511883836 1
vertex 194.6726939100347 -145.8362892796226 1
endloop
endfacet
facet normal 0 0 1
outer loop
vertex 237.99709506523692 -145.83628927962354 1.0000000000000004
vertex 237.88620316098564 -145.62882511883836 1
vertex 202.45918503901333 -145.628825118838 1
endloop
endfacet
facet normal 0 0 1
outer loop
vertex 237.99709506523692 -145.83628927962354 1.0000000000000004
vertex 202.45918503901333 -145.628825118838 1
vertex 202.34829313476308 -145.83628927962351 1
endloop
endfacet
facet normal 0 0 1
outer loop
vertex 245.67269223996533 -145.8362892796226 1
vertex 245.67269224682502 -145.62882511883836 1
vertex 240.10351403901387 -145.6288251188383 1.0000000000000004
endloop
endfacet
facet normal 0 0 1
outer loop
vertex 245.67269223996533 -145.8362892796226 1
vertex 240.10351403901387 -145.6288251188383 1.0000000000000004
vertex 239.99262213476308 -145.83628927962354 1
endloop
endfacet
facet normal 0 0 1
outer loop
vertex 200.24187416098562 -145.62882511883836 1
vertex 200.17358726351745 -145.4037133864192 1
vertex 194.67269389573178 -145.4037133864192 1
endloop
endfacet
facet normal 0 0 1
outer loop
vertex 200.24187416098562 -145.62882511883836 1
vertex 194.67269389573178 -145.4037133864192 1
vertex 194.672693903175 -145.62882511883836 1
endloop
endfacet
facet normal 0 0 1
outer loop
vertex 237.88620316098564 -145.62882511883836 1
vertex 237.8179162635166 -145.40371338641933 1
vertex 202.52747193648264 -145.40371338641924 1.0000000000000004
endloop
endfacet
facet normal 0 0 1
outer loop
vertex 237.88620316098564 -145.62882511883836 1
vertex 202.52747193648264 -145.40371338641924 1.0000000000000004
vertex 202.45918503901333 -145.628825118838 1
endloop
endfacet
facet normal 0 0 1
outer loop
vertex 245.67269224682502 -145.62882511883836 1
vertex 245.67269225426824 -145.4037133864192 1
vertex 240.17180093648307 -145.4037133864193 1
endloop
endfacet
facet normal 0 0 1
outer loop
vertex 245.67269224682502 -145.62882511883836 1
vertex 240.17180093648307 -145.4037133864193 1
vertex 240.10351403901387 -145.6288251188383 1.0000000000000004
endloop
endfacet
facet normal 0 0 1
outer loop
vertex 200.17358726351745 -145.4037133864192 1
vertex 200.15052959999923 -145.16960499999993 1
vertex 194.6726938879911 -145.16960499999993 1
endloop
endfacet
facet normal 0 0 1
outer loop
vertex 200.17358726351745 -145.4037133864192 1
vertex 194.6726938879911 -145.16960499999993 1
vertex 194.67269389573178 -145.4037133864192 1
endloop
endfacet
facet normal 0 0 1
outer loop
vertex 237.8179162635166 -145.40371338641933 1
vertex 237.79485859999957 -145.16960499999993 1
vertex 202.55052959999878 -145.1696049999999 1.0000000000000004
endloop
endfacet
facet normal 0 0 1
outer loop
vertex 237.8179162635166 -145.40371338641933 1
vertex 202.55052959999878 -145.1696049999999 1.0000000000000004
vertex 202.52747193648264 -145.40371338641924 1.0000000000000004
endloop
endfacet
facet normal 0 0 1
outer loop
vertex 245.67269225426824 -145.4037133864192 1
vertex 245.67269226200892 -145.16960499999993 1
vertex 240.19485859999918 -145.1696049999999 1
endloop
endfacet
facet normal 0 0 1
outer loop
vertex 245.67269225426824 -145.4037133864192 1
vertex 240.19485859999918 -145.1696049999999 1
vertex 240.17180093648307 -145.4037133864193 1
endloop
endfacet
facet normal 0 0 1
outer loop
vertex 200.15052959999923 -145.16960499999993 1
vertex 200.17358726351648 -144.93549661358074 1
vertex 194.67269388025042 -144.93549661358074 1
endloop
endfacet
facet normal 0 0 1
outer loop
vertex 200.15052959999923 -145.16960499999993 1
vertex 194.67269388025042 -144.93549661358074 1
vertex 194.6726938879911 -145.16960499999993 1
endloop
endfacet
facet normal 0 0 1
outer loop
vertex 237.79485859999957 -145.16960499999993 1
vertex 237.81791626351418 -144.93549661358006 1
vertex 202.52747193648497 -144.9354966135805 1
endloop
endfacet
facet normal 0 0 1
outer loop
vertex 237.79485859999957 -145.16960499999993 1
vertex 202.52747193648497 -144.9354966135805 1
vertex 202.55052959999878 -145.1696049999999 1.0000000000000004
endloop
endfacet
facet normal 0 0 1
outer loop
vertex 245.67269226200892 -145.16960499999993 1
vertex 245.6726922697496 -144.93549661358074 1
vertex 240.17180093648489 -144.93549661358054 1
endloop
endfacet
facet normal 0 0 1
outer loop
vertex 245.67269226200892 -145.16960499999993 1
vertex 240.17180093648489 -144.93549661358054 1
vertex 240.19485859999918 -145.1696049999999 1
endloop
endfacet
facet normal 0 0 1
outer loop
vertex 200.17358726351648 -144.93549661358074 1
vertex 200.24187416098627 -144.7103848811618 1
vertex 194.67269387280723 -144.7103848811618 1
endloop
endfacet
facet normal 0 0 1
outer loop
vertex 200.17358726351648 -144.93549661358074 1
vertex 194.67269387280723 -144.7103848811618 1
vertex 194.67269388025042 -144.93549661358074 1
endloop
endfacet
facet normal 0 0 1
outer loop
vertex 237.81791626351418 -144.93549661358006 1
vertex 237.88620316098647 -144.7103848811619 1
vertex 202.45918503901268 -144.71038488116213 1
endloop
endfacet
facet normal 0 0 1
outer loop
vertex 237.81791626351418 -144.93549661358006 1
vertex 202.45918503901268 -144.71038488116213 1
vertex 202.52747193648497 -144.9354966135805 1
endloop
endfacet
facet normal 0 0 1
outer loop
vertex 245.6726922697496 -144.93549661358074 1
vertex 245.6726922771928 -144.7103848811618 1
vertex 240.10351403901262 -144.71038488116216 1
endloop
endfacet
facet normal 0 0 1
outer loop
vertex 245.6726922697496 -144.93549661358074 1
vertex 240.10351403901262 -144.71038488116216 1
vertex 240.17180093648489 -144.93549661358054 1
endloop
endfacet
facet normal 0 0 1
outer loop
vertex 200.24187416098627 -144.7103848811618 1
vertex 200.35276606523692 -144.50292072037647 1
vertex 194.6726938659475 -144.50292072037647 1
endloop
endfacet
facet normal 0 0 1
outer loop
vertex 200.24187416098627 -144.7103848811618 1
vertex 194.6726938659475 -144.50292072037647 1
vertex 194.67269387280723 -144.7103848811618 1
endloop
endfacet
facet normal 0 0 1
outer loop
vertex 237.88620316098647 -144.7103848811619 1
vertex 237.99709506523683 -144.5029207203764 1
vertex 202.3482931347648 -144.5029207203756 1.0000000000000004
endloop
endfacet
facet normal 0 0 1
outer loop
vertex 237.88620316098647 -144.7103848811619 1
vertex 202.3482931347648 -144.5029207203756 1.0000000000000004
vertex 202.45918503901268 -144.71038488116213 1
endloop
endfacet
facet normal 0 0 1
outer loop
vertex 245.6726922771928 -144.7103848811618 1
vertex 245.67269228405252 -144.50292072037647 1
vertex 239.99262213476374 -144.5029207203761 1
endloop
endfacet
facet normal 0 0 1
outer loop
vertex 245.6726922771928 -144.7103848811618 1
vertex 239.99262213476374 -144.5029207203761 1
vertex 240.10351403901262 -144.71038488116216 1
endloop
endfacet
facet normal 0 0 1
outer loop
vertex 200.35276606523692 -144.50292072037647 1
vertex 200.5020014625762 -144.32107686257623 1
vertex 194.67269385993492 -144.32107686257623 1
endloop
endfacet
facet normal 0 0 1
outer loop
vertex 200.35276606523692 -144.50292072037647 1
vertex 194.67269385993492 -144.32107686257623 1
vertex 194.6726938659475 -144.50292072037647 1
endloop
endfacet
facet normal 0 0 1
outer loop
vertex 237.99709506523683 -144.5029207203764 1
vertex 238.1463304625762 -144.3210768625763 1
vertex 202.19905773742755 -144.3210768625731 1.0000000000000004
endloop
endfacet
facet normal 0 0 1
outer loop
vertex 237.99709506523683 -144.5029207203764 1
vertex 202.19905773742755 -144.3210768625731 1.0000000000000004
vertex 202.3482931347648 -144.5029207203756 1.0000000000000004
endloop
endfacet
facet normal 0 0 1
outer loop
vertex 245.67269228405252 -144.50292072037647 1
vertex 245.6726922900651 -144.32107686257623 1
vertex 239.84338673741786 -144.32107686258107 1
endloop
endfacet
facet normal 0 0 1
outer loop
vertex 245.67269228405252 -144.50292072037647 1
vertex 239.84338673741786 -144.32107686258107 1
vertex 239.99262213476374 -144.5029207203761 1
endloop
endfacet
facet normal 0 0 1
outer loop
vertex 200.5020014625762 -144.32107686257623 1
vertex 200.68384532037652 -144.17184146523704 1.0000000000000004
vertex 194.67269385500055 -144.17184146523704 1
endloop
endfacet
facet normal 0 0 1
outer loop
vertex 200.5020014625762 -144.32107686257623 1
vertex 194.67269385500055 -144.17184146523704 1
vertex 194.67269385993492 -144.32107686257623 1
endloop
endfacet
facet normal 0 0 1
outer loop
vertex 238.1463304625762 -144.3210768625763 1
vertex 238.32817432037734 -144.17184146523846 1.0000000000000004
vertex 202.01721387962115 -144.1718414652398 1
endloop
endfacet
facet normal 0 0 1
outer loop
vertex 238.1463304625762 -144.3210768625763 1
vertex 202.01721387962115 -144.1718414652398 1
vertex 202.19905773742755 -144.3210768625731 1.0000000000000004
endloop
endfacet
facet normal 0 0 1
outer loop
vertex 245.6726922900651 -144.32107686257623 1
vertex 245.67269229499948 -144.17184146523704 1
vertex 239.6615428796239 -144.1718414652364 1
endloop
endfacet
facet normal 0 0 1
outer loop
vertex 245.6726922900651 -144.32107686257623 1
vertex 239.6615428796239 -144.1718414652364 1
vertex 239.84338673741786 -144.32107686258107 1
endloop
endfacet
facet normal 0 0 1
outer loop
vertex 200.68384532037652 -144.17184146523704 1.0000000000000004
vertex 200.89130948116167 -144.06094956098582 1
vertex 194.67269385133395 -144.06094956098582 1
endloop
endfacet
facet normal 0 0 1
outer loop
vertex 200.68384532037652 -144.17184146523704 1.0000000000000004
vertex 194.67269385133395 -144.06094956098582 1
vertex 194.67269385500055 -144.17184146523704 1
endloop
endfacet
facet normal 0 0 1
outer loop
vertex 238.32817432037734 -144.17184146523846 1.0000000000000004
vertex 238.53563848116215 -144.06094956098724 1
vertex 201.80974971883953 -144.0609495609839 1.0000000000000004
endloop
endfacet
facet normal 0 0 1
outer loop
vertex 238.32817432037734 -144.17184146523846 1.0000000000000004
vertex 201.80974971883953 -144.0609495609839 1.0000000000000004
vertex 202.01721387962115 -144.1718414652398 1
endloop
endfacet
facet normal 0 0 1
outer loop
vertex 245.67269229499948 -144.17184146523704 1
vertex 245.67269229866608 -144.06094956098582 1
vertex 239.45407871883975 -144.0609495609835 1
endloop
endfacet
facet normal 0 0 1
outer loop
vertex 245.67269229499948 -144.17184146523704 1
vertex 239.45407871883975 -144.0609495609835 1
vertex 239.6615428796239 -144.1718414652364 1
endloop
endfacet
facet normal 0 0 1
outer loop
vertex 200.89130948116167 -144.06094956098582 1
vertex 201.11642121358057 -143.99266266351503 1
vertex 194.67269384907607 -143.99266266351503 1
endloop
endfacet
facet normal 0 0 1
outer loop
vertex 200.89130948116167 -144.06094956098582 1
vertex 194.67269384907607 -143.99266266351503 1
vertex 194.67269385133395 -144.06094956098582 1
endloop
endfacet
facet normal 0 0 1
outer loop
vertex 238.53563848116215 -144.06094956098724 1
vertex 238.76075021358065 -143.9926626635159 1.0000000000000004
vertex 201.58463798641966 -143.99266266351503 1
endloop
endfacet
facet normal 0 0 1
outer loop
vertex 238.53563848116215 -144.06094956098724 1
vertex 201.58463798641966 -143.99266266351503 1
vertex 201.80974971883953 -144.0609495609839 1.0000000000000004
endloop
endfacet
facet normal 0 0 1
outer loop
vertex 245.67269229866608 -144.06094956098582 1
vertex 245.67269230092396 -143.99266266351503 1
vertex 239.2289669864197 -143.99266266351498 1
endloop
endfacet
facet normal 0 0 1
outer loop
vertex 245.67269229866608 -144.06094956098582 1
vertex 239.2289669864197 -143.99266266351498 1
vertex 239.45407871883975 -144.0609495609835 1
endloop
endfacet
facet normal 0 0 1
outer loop
vertex 201.11642121358057 -143.99266266351503 1
vertex 201.35052959999996 -143.96960500000057 1.0000000000000004
vertex 194.67269384831368 -143.96960500000057 1
endloop
endfacet
facet normal 0 0 1
outer loop
vertex 201.11642121358057 -143.99266266351503 1
vertex 194.67269384831368 -143.96960500000057 1
vertex 194.67269384907607 -143.99266266351503 1
endloop
endfacet
facet normal 0 0 1
outer loop
vertex 238.76075021358065 -143.9926626635159 1.0000000000000004
vertex 238.99485859999993 -143.96960500000094 1
vertex 201.35052959999996 -143.96960500000057 1.0000000000000004
endloop
endfacet
facet normal 0 0 1
outer loop
vertex 238.76075021358065 -143.9926626635159 1.0000000000000004
vertex 201.35052959999996 -143.96960500000057 1.0000000000000004
vertex 201.58463798641966 -143.99266266351503 1
endloop
endfacet
facet normal 0 0 1
outer loop
vertex 245.67269230092396 -143.99266266351503 1
vertex 245.67269230168634 -143.96960500000057 1
vertex 238.99485859999993 -143.96960500000094 1
endloop
endfacet
facet normal 0 0 1
outer loop
vertex 245.67269230092396 -143.99266266351503 1
vertex 238.99485859999993 -143.96960500000094 1
vertex 239.2289669864197 -143.99266266351498 1
endloop
endfacet
facet normal 1.001957430546664e-17 -0.00018108868812043386 0.9999999836034432
outer loop
vertex 201.35052959999996 -143.96960500000057 1.0000000000000004
vertex 238.99485859999993 -143.96960500000094 1
vertex 245.67269230168634 -143.96960500000057 1
endloop
endfacet
facet normal 1.001957430546664e-17 -0.00018108868812043386 0.9999999836034432
outer loop
vertex 201.35052959999996 -143.96960500000057 1.0000000000000004
vertex 245.67269230168634 -143.96960500000057 1
vertex 245.6726934335189 -109.73857239999977 1
endloop
endfacet
facet normal 1.001957430546664e-17 -0.00018108868812043386 0.9999999836034432
outer loop
vertex 201.35052959999996 -143.96960500000057 1.0000000000000004
vertex 245.6726934335189 -109.73857239999977 1
vertex 239.13609209999996 -109.7385724000008 1
endloop
endfacet
facet normal 1.001957430546664e-17 -0.00018108868812043386 0.9999999836034432
outer loop
vertex 201.35052959999996 -143.96960500000057 1.0000000000000004
vertex 239.13609209999996 -109.7385724000008 1
vertex 201.20929610000002 -109.73857240000004 1
endloop
endfacet
facet normal 1.001957430546664e-17 -0.00018108868812043386 0.9999999836034432
outer loop
vertex 201.35052959999996 -143.96960500000057 1.0000000000000004
vertex 201.20929610000002 -109.73857240000004 1
vertex 194.67269271648118 -109.73857239999977 1
endloop
endfacet
facet normal 1.001957430546664e-17 -0.00018108868812043386 0.9999999836034432
outer loop
vertex 201.35052959999996 -143.96960500000057 1.0000000000000004
vertex 194.67269271648118 -109.73857239999977 1
vertex 194.67269384831368 -143.96960500000057 1
endloop
endfacet
facet normal 0 0 1
outer loop
vertex 201.20929610000002 -109.73857240000004 1
vertex 200.9751877135809 -109.71551473648293 1
vertex 194.67269271571877 -109.71551473648293 1
endloop
endfacet
facet normal 0 0 1
outer loop
vertex 201.20929610000002 -109.73857240000004 1
vertex 194.67269271571877 -109.71551473648293 1
vertex 194.67269271648118 -109.73857239999977 1
endloop
endfacet
facet normal 0 0 1
outer loop
vertex 239.13609209999996 -109.7385724000008 1
vertex 238.90198371358053 -109.71551473648447 1.0000000000000004
vertex 201.44340448641933 -109.71551473648341 1
endloop
endfacet
facet normal 0 0 1
outer loop
vertex 239.13609209999996 -109.7385724000008 1
vertex 201.44340448641933 -109.71551473648341 1
vertex 201.20929610000002 -109.73857240000004 1
endloop
endfacet
facet normal 0 0 1
outer loop
vertex 245.6726934335189 -109.73857239999977 1
vertex 245.67269343428129 -109.71551473648293 1
vertex 239.37020048641912 -109.71551473648088 1
endloop
endfacet
facet normal 0 0 1
outer loop
vertex 245.6726934335189 -109.73857239999977 1
vertex 239.37020048641912 -109.71551473648088 1
vertex 239.13609209999996 -109.7385724000008 1
endloop
endfacet
facet normal 0 0 1
outer loop
vertex 200.9751877135809 -109.71551473648293 1
vertex 200.7500759811608 -109.64722783901571 1.0000000000000004
vertex 194.67269271346092 -109.64722783901571 1
endloop
endfacet
facet normal 0 0 1
outer loop
vertex 200.9751877135809 -109.71551473648293 1
vertex 194.67269271346092 -109.64722783901571 1
vertex 194.67269271571877 -109.71551473648293 1
endloop
endfacet
facet normal 0 0 1
outer loop
vertex 238.90198371358053 -109.71551473648447 1.0000000000000004
vertex 238.67687198116508 -109.64722783900756 1
vertex 201.6685162188383 -109.64722783901426 1
endloop
endfacet
facet normal 0 0 1
outer loop
vertex 238.90198371358053 -109.71551473648447 1.0000000000000004
vertex 201.6685162188383 -109.64722783901426 1
vertex 201.44340448641933 -109.71551473648341 1
endloop
endfacet
facet normal 0 0 1
outer loop
vertex 245.67269343428129 -109.71551473648293 1
vertex 245.67269343653916 -109.64722783901571 1
vertex 239.5953122188384 -109.64722783901436 1
endloop
endfacet
facet normal 0 0 1
outer loop
vertex 245.67269343428129 -109.71551473648293 1
vertex 239.5953122188384 -109.64722783901436 1
vertex 239.37020048641912 -109.71551473648088 1
endloop
endfacet
facet normal 0 0 1
outer loop
vertex 200.7500759811608 -109.64722783901571 1.0000000000000004
vertex 200.54261182037675 -109.53633593476269 1
vertex 194.67269270979432 -109.53633593476269 1
endloop
endfacet
facet normal 0 0 1
outer loop
vertex 200.7500759811608 -109.64722783901571 1.0000000000000004
vertex 194.67269270979432 -109.53633593476269 1
vertex 194.67269271346092 -109.64722783901571 1
endloop
endfacet
facet normal 0 0 1
outer loop
vertex 238.67687198116508 -109.64722783900756 1
vertex 238.4694078203769 -109.53633593476258 1
vertex 201.87598037962422 -109.5363359347644 1
endloop
endfacet
facet normal 0 0 1
outer loop
vertex 238.67687198116508 -109.64722783900756 1
vertex 201.87598037962422 -109.5363359347644 1
vertex 201.6685162188383 -109.64722783901426 1
endloop
endfacet
facet normal 0 0 1
outer loop
vertex 245.67269343653916 -109.64722783901571 1
vertex 245.67269344020573 -109.53633593476269 1
vertex 239.8027763796244 -109.53633593476458 1
endloop
endfacet
facet normal 0 0 1
outer loop
vertex 245.67269343653916 -109.64722783901571 1
vertex 239.8027763796244 -109.53633593476458 1
vertex 239.5953122188384 -109.64722783901436 1
endloop
endfacet
facet normal 0 0 1
outer loop
vertex 200.54261182037675 -109.53633593476269 1
vertex 200.36076796257606 -109.38710053742395 1.0000000000000004
vertex 194.6726927048599 -109.38710053742395 1
endloop
endfacet
facet normal 0 0 1
outer loop
vertex 200.54261182037675 -109.53633593476269 1
vertex 194.6726927048599 -109.38710053742395 1
vertex 194.67269270979432 -109.53633593476269 1
endloop
endfacet
facet normal 0 0 1
outer loop
vertex 238.4694078203769 -109.53633593476258 1
vertex 238.28756396257967 -109.38710053742095 1
vertex 202.05782423742397 -109.387100537424 1
endloop
endfacet
facet normal 0 0 1
outer loop
vertex 238.4694078203769 -109.53633593476258 1
vertex 202.05782423742397 -109.387100537424 1
vertex 201.87598037962422 -109.5363359347644 1
endloop
endfacet
facet normal 0 0 1
outer loop
vertex 245.67269344020573 -109.53633593476269 1
vertex 245.67269344514014 -109.38710053742395 1
vertex 239.98462023742405 -109.38710053742406 1
endloop
endfacet
facet normal 0 0 1
outer loop
vertex 245.67269344020573 -109.53633593476269 1
vertex 239.98462023742405 -109.38710053742406 1
vertex 239.8027763796244 -109.53633593476458 1
endloop
endfacet
facet normal 0 0 1
outer loop
vertex 200.36076796257606 -109.38710053742395 1.0000000000000004
vertex 200.211532565237 -109.2052566796235 1.0000000000000004
vertex 194.67269269884736 -109.2052566796235 1
endloop
endfacet
facet normal 0 0 1
outer loop
vertex 200.36076796257606 -109.38710053742395 1.0000000000000004
vertex 194.67269269884736 -109.2052566796235 1
vertex 194.6726927048599 -109.38710053742395 1
endloop
endfacet
facet normal 0 0 1
outer loop
vertex 238.28756396257967 -109.38710053742095 1
vertex 238.13832856523638 -109.20525667962386 1.0000000000000004
vertex 202.20705963476334 -109.20525667962376 1
endloop
endfacet
facet normal 0 0 1
outer loop
vertex 238.28756396257967 -109.38710053742095 1
vertex 202.20705963476334 -109.20525667962376 1
vertex 202.05782423742397 -109.387100537424 1
endloop
endfacet
facet normal 0 0 1
outer loop
vertex 245.67269344514014 -109.38710053742395 1
vertex 245.67269345115272 -109.2052566796235 1
vertex 240.13385563476314 -109.20525667962357 1.0000000000000004
endloop
endfacet
facet normal 0 0 1
outer loop
vertex 245.67269344514014 -109.38710053742395 1
vertex 240.13385563476314 -109.20525667962357 1.0000000000000004
vertex 239.98462023742405 -109.38710053742406 1
endloop
endfacet
facet normal 0 0 1
outer loop
vertex 200.211532565237 -109.2052566796235 1.0000000000000004
vertex 200.10064066098576 -108.99779251883831 1
vertex 194.67269269198763 -108.99779251883831 1
endloop
endfacet
facet normal 0 0 1
outer loop
vertex 200.211532565237 -109.2052566796235 1.0000000000000004
vertex 194.67269269198763 -108.99779251883831 1
vertex 194.67269269884736 -109.2052566796235 1
endloop
endfacet
facet normal 0 0 1
outer loop
vertex 238.13832856523638 -109.20525667962386 1.0000000000000004
vertex 238.02743666098573 -108.99779251883834 1
vertex 202.3179515390136 -108.99779251883814 1.0000000000000004
endloop
endfacet
facet normal 0 0 1
outer loop
vertex 238.13832856523638 -109.20525667962386 1.0000000000000004
vertex 202.3179515390136 -108.99779251883814 1.0000000000000004
vertex 202.20705963476334 -109.20525667962376 1
endloop
endfacet
facet normal 0 0 1
outer loop
vertex 245.67269345115272 -109.2052566796235 1
vertex 245.67269345801242 -108.99779251883831 1
vertex 240.24474753901313 -108.99779251883788 1
endloop
endfacet
facet normal 0 0 1
outer loop
vertex 245.67269345115272 -109.2052566796235 1
vertex 240.24474753901313 -108.99779251883788 1
vertex 240.13385563476314 -109.20525667962357 1.0000000000000004
endloop
endfacet
facet normal 0 0 1
outer loop
vertex 200.10064066098576 -108.99779251883831 1
vertex 200.03235376351657 -108.7726807864193 1
vertex 194.67269268454444 -108.7726807864193 1
endloop
endfacet
facet normal 0 0 1
outer loop
vertex 200.10064066098576 -108.99779251883831 1
vertex 194.67269268454444 -108.7726807864193 1
vertex 194.67269269198763 -108.99779251883831 1
endloop
endfacet
facet normal 0 0 1
outer loop
vertex 238.02743666098573 -108.99779251883834 1
vertex 237.95914976351648 -108.77268078641933 1
vertex 202.3862384364841 -108.77268078641939 1
endloop
endfacet
facet normal 0 0 1
outer loop
vertex 238.02743666098573 -108.99779251883834 1
vertex 202.3862384364841 -108.77268078641939 1
vertex 202.3179515390136 -108.99779251883814 1.0000000000000004
endloop
endfacet
facet normal 0 0 1
outer loop
vertex 245.67269345801242 -108.99779251883831 1
vertex 245.67269346545564 -108.7726807864193 1
vertex 240.31303443648412 -108.77268078641939 1
endloop
endfacet
facet normal 0 0 1
outer loop
vertex 245.67269345801242 -108.99779251883831 1
vertex 240.31303443648412 -108.77268078641939 1
vertex 240.24474753901313 -108.99779251883788 1
endloop
endfacet
facet normal 0 0 1
outer loop
vertex 200.03235376351657 -108.7726807864193 1
vertex 200.0092960999999 -108.5385724 1
vertex 194.67269267680376 -108.5385724 1
endloop
endfacet
facet normal 0 0 1
outer loop
vertex 200.03235376351657 -108.7726807864193 1
vertex 194.67269267680376 -108.5385724 1
vertex 194.67269268454444 -108.7726807864193 1
endloop
endfacet
facet normal 0 0 1
outer loop
vertex 237.95914976351648 -108.77268078641933 1
vertex 237.93609210000005 -108.53857240000002 1
vertex 202.4092961000002 -108.53857240000004 1
endloop
endfacet
facet normal 0 0 1
outer loop
vertex 237.95914976351648 -108.77268078641933 1
vertex 202.4092961000002 -108.53857240000004 1
vertex 202.3862384364841 -108.77268078641939 1
endloop
endfacet
facet normal 0 0 1
outer loop
vertex 245.67269346545564 -108.7726807864193 1
vertex 245.67269347319632 -108.5385724 1
vertex 240.33609210000023 -108.53857240000005 1
endloop
endfacet
facet normal 0 0 1
outer loop
vertex 245.67269346545564 -108.7726807864193 1
vertex 240.33609210000023 -108.53857240000005 1
vertex 240.31303443648412 -108.77268078641939 1
endloop
endfacet
facet normal 0 0 1
outer loop
vertex 200.0092960999999 -108.5385724 1
vertex 200.03235376351634 -108.30446401358073 1
vertex 194.67269266906308 -108.30446401358073 1
endloop
endfacet
facet normal 0 0 1
outer loop
vertex 200.0092960999999 -108.5385724 1
vertex 194.67269266906308 -108.30446401358073 1
vertex 194.67269267680376 -108.5385724 1
endloop
endfacet
facet normal 0 0 1
outer loop
vertex 237.93609210000005 -108.53857240000002 1
vertex 237.95914976351628 -108.30446401358071 1
vertex 202.38623843648364 -108.30446401358068 1
endloop
endfacet
facet normal 0 0 1
outer loop
vertex 237.93609210000005 -108.53857240000002 1
vertex 202.38623843648364 -108.30446401358068 1
vertex 202.4092961000002 -108.53857240000004 1
endloop
endfacet
facet normal 0 0 1
outer loop
vertex 245.67269347319632 -108.5385724 1
vertex 245.672693480937 -108.30446401358073 1
vertex 240.31303443648434 -108.30446401358061 1
endloop
endfacet
facet normal 0 0 1
outer loop
vertex 245.67269347319632 -108.5385724 1
vertex 240.31303443648434 -108.30446401358061 1
vertex 240.33609210000023 -108.53857240000005 1
endloop
endfacet
facet normal 0 0 1
outer loop
vertex 200.03235376351634 -108.30446401358073 1
vertex 200.10064066098633 -108.07935228116183 1
vertex 194.67269266161986 -108.07935228116183 1
endloop
endfacet
facet normal 0 0 1
outer loop
vertex 200.03235376351634 -108.30446401358073 1
vertex 194.67269266161986 -108.07935228116183 1
vertex 194.67269266906308 -108.30446401358073 1
endloop
endfacet
facet normal 0 0 1
outer loop
vertex 237.95914976351628 -108.30446401358071 1
vertex 238.02743666098678 -108.07935228116204 1
vertex 202.31795153901282 -108.07935228116212 1
endloop
endfacet
facet normal 0 0 1
outer loop
vertex 237.95914976351628 -108.30446401358071 1
vertex 202.31795153901282 -108.07935228116212 1
vertex 202.38623843648364 -108.30446401358068 1
endloop
endfacet
facet normal 0 0 1
outer loop
vertex 245.672693480937 -108.30446401358073 1
vertex 245.6726934883802 -108.07935228116183 1
vertex 240.24474753901282 -108.07935228116213 1
endloop
endfacet
facet normal 0 0 1
outer loop
vertex 245.672693480937 -108.30446401358073 1
vertex 240.24474753901282 -108.07935228116213 1
vertex 240.31303443648434 -108.30446401358061 1
endloop
endfacet
facet normal 0 0 1
outer loop
vertex 200.10064066098633 -108.07935228116183 1
vertex 200.21153256523723 -107.87188812037672 1.0000000000000004
vertex 194.67269265476017 -107.87188812037672 1
endloop
endfacet
facet normal 0 0 1
outer loop
vertex 200.10064066098633 -108.07935228116183 1
vertex 194.67269265476017 -107.87188812037672 1
vertex 194.67269266161986 -108.07935228116183 1
endloop
endfacet
facet normal 0 0 1
outer loop
vertex 238.02743666098678 -108.07935228116204 1
vertex 238.1383285652364 -107.87188812037598 1.0000000000000004
vertex 202.2070596347631 -107.8718881203765 1.0000000000000004
endloop
endfacet
facet normal 0 0 1
outer loop
vertex 238.02743666098678 -108.07935228116204 1
vertex 202.2070596347631 -107.8718881203765 1.0000000000000004
vertex 202.31795153901282 -108.07935228116212 1
endloop
endfacet
facet normal 0 0 1
outer loop
vertex 245.6726934883802 -108.07935228116183 1
vertex 245.6726934952399 -107.87188812037672 1
vertex 240.1338556347665 -107.87188812037472 1.0000000000000004
endloop
endfacet
facet normal 0 0 1
outer loop
vertex 245.6726934883802 -108.07935228116183 1
vertex 240.1338556347665 -107.87188812037472 1.0000000000000004
vertex 240.24474753901282 -108.07935228116213 1
endloop
endfacet
facet normal 0 0 1
outer loop
vertex 200.21153256523723 -107.87188812037672 1.0000000000000004
vertex 200.3607679625763 -107.69004426257632 1
vertex 194.67269264874759 -107.69004426257632 1
endloop
endfacet
facet normal 0 0 1
outer loop
vertex 200.21153256523723 -107.87188812037672 1.0000000000000004
vertex 194.67269264874759 -107.69004426257632 1
vertex 194.67269265476017 -107.87188812037672 1
endloop
endfacet
facet normal 0 0 1
outer loop
vertex 238.1383285652364 -107.87188812037598 1.0000000000000004
vertex 238.28756396257506 -107.69004426257484 1
vertex 202.05782423742056 -107.69004426257891 1.0000000000000004
endloop
endfacet
facet normal 0 0 1
outer loop
vertex 238.1383285652364 -107.87188812037598 1.0000000000000004
vertex 202.05782423742056 -107.69004426257891 1.0000000000000004
vertex 202.2070596347631 -107.8718881203765 1.0000000000000004
endloop
endfacet
facet normal 0 0 1
outer loop
vertex 245.6726934952399 -107.87188812037672 1
vertex 245.6726935012525 -107.69004426257632 1
vertex 239.98462023742672 -107.69004426257379 1.0000000000000004
endloop
endfacet
facet normal 0 0 1
outer loop
vertex 245.6726934952399 -107.87188812037672 1
vertex 239.98462023742672 -107.69004426257379 1.0000000000000004
vertex 240.1338556347665 -107.87188812037472 1.0000000000000004
endloop
endfacet
facet normal 0 0 1
outer loop
vertex 200.3607679625763 -107.69004426257632 1
vertex 200.54261182037772 -107.54080886523923 1.0000000000000004
vertex 194.67269264381318 -107.54080886523923 1
endloop
endfacet
facet normal 0 0 1
outer loop
vertex 200.3607679625763 -107.69004426257632 1
vertex 194.67269264381318 -107.54080886523923 1
vertex 194.67269264874759 -107.69004426257632 1
endloop
endfacet
facet normal 0 0 1
outer loop
vertex 238.28756396257506 -107.69004426257484 1
vertex 238.46940782037586 -107.54080886523572 1
vertex 201.8759803796221 -107.54080886523869 1
endloop
endfacet
facet normal 0 0 1
outer loop
vertex 238.28756396257506 -107.69004426257484 1
vertex 201.8759803796221 -107.54080886523869 1
vertex 202.05782423742056 -107.69004426257891 1.0000000000000004
endloop
endfacet
facet normal 0 0 1
outer loop
vertex 245.6726935012525 -107.69004426257632 1
vertex 245.67269350618687 -107.54080886523923 1
vertex 239.80277637962212 -107.54080886523866 1
endloop
endfacet
facet normal 0 0 1
outer loop
vertex 245.6726935012525 -107.69004426257632 1
vertex 239.80277637962212 -107.54080886523866 1
vertex 239.98462023742672 -107.69004426257379 1.0000000000000004
endloop
endfacet
facet normal 0 0 1
outer loop
vertex 200.54261182037772 -107.54080886523923 1.0000000000000004
vertex 200.7500759811621 -107.42991696098724 1
vertex 194.6726926401466 -107.42991696098724 1
endloop
endfacet
facet normal 0 0 1
outer loop
vertex 200.54261182037772 -107.54080886523923 1.0000000000000004
vertex 194.6726926401466 -107.42991696098724 1
vertex 194.67269264381318 -107.54080886523923 1
endloop
endfacet
facet normal 0 0 1
outer loop
vertex 238.46940782037586 -107.54080886523572 1
vertex 238.67687198116218 -107.42991696098731 1
vertex 201.6685162188368 -107.4299169609889 1
endloop
endfacet
facet normal 0 0 1
outer loop
vertex 238.46940782037586 -107.54080886523572 1
vertex 201.6685162188368 -107.4299169609889 1
vertex 201.8759803796221 -107.54080886523869 1
endloop
endfacet
facet normal 0 0 1
outer loop
vertex 245.67269350618687 -107.54080886523923 1
vertex 245.67269350985347 -107.42991696098724 1
vertex 239.5953122188382 -107.42991696098632 1
endloop
endfacet
facet normal 0 0 1
outer loop
vertex 245.67269350618687 -107.54080886523923 1
vertex 239.5953122188382 -107.42991696098632 1
vertex 239.80277637962212 -107.54080886523866 1
endloop
endfacet
facet normal 0 0 1
outer loop
vertex 200.7500759811621 -107.42991696098724 1
vertex 200.97518771358057 -107.36163006351563 1
vertex 194.67269263788873 -107.36163006351563 1
endloop
endfacet
facet normal 0 0 1
outer loop
vertex 200.7500759811621 -107.42991696098724 1
vertex 194.67269263788873 -107.36163006351563 1
vertex 194.6726926401466 -107.42991696098724 1
endloop
endfacet
facet normal 0 0 1
outer loop
vertex 238.67687198116218 -107.42991696098731 1
vertex 238.90198371358062 -107.36163006351548 1
vertex 201.44340448641964 -107.36163006351515 1
endloop
endfacet
facet normal 0 0 1
outer loop
vertex 238.67687198116218 -107.42991696098731 1
vertex 201.44340448641964 -107.36163006351515 1
vertex 201.6685162188368 -107.4299169609889 1
endloop
endfacet
facet normal 0 0 1
outer loop
vertex 245.67269350985347 -107.42991696098724 1
vertex 245.67269351211135 -107.36163006351563 1
vertex 239.37020048641872 -107.36163006351819 1
endloop
endfacet
facet normal 0 0 1
outer loop
vertex 245.67269350985347 -107.42991696098724 1
vertex 239.37020048641872 -107.36163006351819 1
vertex 239.5953122188382 -107.42991696098632 1
endloop
endfacet
facet normal 0 0 1
outer loop
vertex 200.97518771358057 -107.36163006351563 1
vertex 201.20929609999996 -107.33857240000074 1
vertex 194.67269263712635 -107.33857240000074 1
endloop
endfacet
facet normal 0 0 1
outer loop
vertex 200.97518771358057 -107.36163006351563 1
vertex 194.67269263712635 -107.33857240000074 1
vertex 194.67269263788873 -107.36163006351563 1
endloop
endfacet
facet normal 0 0 1
outer loop
vertex 238.90198371358062 -107.36163006351548 1
vertex 239.13609209999998 -107.33857240000081 1
vertex 201.20929609999996 -107.33857240000074 1
endloop
endfacet
facet normal 0 0 1
outer loop
vertex 238.90198371358062 -107.36163006351548 1
vertex 201.20929609999996 -107.33857240000074 1
vertex 201.44340448641964 -107.36163006351515 1
endloop
endfacet
facet normal 0 0 1
outer loop
vertex 245.67269351211135 -107.36163006351563 1
vertex 245.67269351287374 -107.33857240000074 1
vertex 239.13609209999998 -107.33857240000081 1
endloop
endfacet
facet normal 0 0 1
outer loop
vertex 245.67269351211135 -107.36163006351563 1
vertex 239.13609209999998 -107.33857240000081 1
vertex 239.37020048641872 -107.36163006351819 1
endloop
endfacet
facet normal 0 0 1
outer loop
vertex 201.20929609999996 -107.33857240000074 1
vertex 239.13609209999998 -107.33857240000081 1
vertex 245.67269351287374 -107.33857240000074 1
endloop
endfacet
facet normal 0 0 1
outer loop
vertex 201.20929609999996 -107.33857240000074 1
vertex 245.67269351287374 -107.33857240000074 1
vertex 245.67269410000003 -89.5815823000002 1
endloop
endfacet
facet normal 0 0 1
outer loop
vertex 201.20929609999996 -107.33857240000074 1
vertex 245.67269410000003 -89.5815823000002 1
vertex 245.6347114325305 -89.1474607058326 1
endloop
endfacet
facet normal 0 0 1
outer loop
vertex 201.20929609999996 -107.33857240000074 1
vertex 245.6347114325305 -89.1474607058326 1
vertex 245.52192360196483 -88.72653079168592 1
endloop
endfacet
facet normal 0 0 1
outer loop
vertex 201.20929609999996 -107.33857240000074 1
vertex 245.52192360196483 -88.72653079168592 1
vertex 245.33775555946113 -88.33158115000003 1
endloop
endfacet
facet normal 0 0 1
outer loop
vertex 201.20929609999996 -107.33857240000074 1
vertex 245.33775555946113 -88.33158115000003 1
vertex 245.0878031577974 -87.97461212578358 1
endloop
endfacet
facet normal 0 0 1
outer loop
vertex 201.20929609999996 -107.33857240000074 1
vertex 245.0878031577974 -87.97461212578358 1
vertex 244.7796610742164 -87.6664700422026 1
endloop
endfacet
facet normal 0 0 1
outer loop
vertex 201.20929609999996 -107.33857240000074 1
vertex 244.7796610742164 -87.6664700422026 1
vertex 244.42269205 -87.41651764053891 1
endloop
endfacet
facet normal 0 0 1
outer loop
vertex 201.20929609999996 -107.33857240000074 1
vertex 244.42269205 -87.41651764053891 1
vertex 244.02774240831423 -87.23234959803526 1
endloop
endfacet
facet normal 0 0 1
outer loop
vertex 201.20929609999996 -107.33857240000074 1
vertex 244.02774240831423 -87.23234959803526 1
vertex 243.60681249416723 -87.11956176746949 1
endloop
endfacet
facet normal 0 0 1
outer loop
vertex 201.20929609999996 -107.33857240000074 1
vertex 243.60681249416723 -87.11956176746949 1
vertex 243.17269205000002 -87.08158115000002 1
endloop
endfacet
facet normal 0 0 1
outer loop
vertex 201.20929609999996 -107.33857240000074 1
vertex 243.17269205000002 -87.08158115000002 1
vertex 197.1726940999999 -87.08158230000001 1
endloop
endfacet
facet normal 0 0 1
outer loop
vertex 201.20929609999996 -107.33857240000074 1
vertex 197.1726940999999 -87.08158230000001 1
vertex 196.7385716058326 -87.1195617674695 1
endloop
endfacet
facet normal 0 0 1
outer loop
vertex 201.20929609999996 -107.33857240000074 1
vertex 196.7385716058326 -87.1195617674695 1
vertex 196.31764169168588 -87.2323495980352 1
endloop
endfacet
facet normal 0 0 1
outer loop
vertex 201.20929609999996 -107.33857240000074 1
vertex 196.31764169168588 -87.2323495980352 1
vertex 195.9226920500001 -87.41651764053887 1
endloop
endfacet
facet normal 0 0 1
outer loop
vertex 201.20929609999996 -107.33857240000074 1
vertex 195.9226920500001 -87.41651764053887 1
vertex 195.56572302578354 -87.66647004220268 1
endloop
endfacet
facet normal 0 0 1
outer loop
vertex 201.20929609999996 -107.33857240000074 1
vertex 195.56572302578354 -87.66647004220268 1
vertex 195.25758094220254 -87.97461212578365 1
endloop
endfacet
facet normal 0 0 1
outer loop
vertex 201.20929609999996 -107.33857240000074 1
vertex 195.25758094220254 -87.97461212578365 1
vertex 195.0076285405389 -88.33158115 1
endloop
endfacet
facet normal 0 0 1
outer loop
vertex 201.20929609999996 -107.33857240000074 1
vertex 195.0076285405389 -88.33158115 1
vertex 194.82346049803527 -88.72653079168573 1
endloop
endfacet
facet normal 0 0 1
outer loop
vertex 201.20929609999996 -107.33857240000074 1
vertex 194.82346049803527 -88.72653079168573 1
vertex 194.7106726674695 -89.14746070583273 1
endloop
endfacet
facet normal 0 0 1
outer loop
vertex 201.20929609999996 -107.33857240000074 1
vertex 194.7106726674695 -89.14746070583273 1
vertex 194.67269205 -89.58158115000022 1
endloop
endfacet
facet normal 0 0 1
outer loop
vertex 201.20929609999996 -107.33857240000074 1
vertex 194.67269205 -89.58158115000022 1
vertex 194.67269263712635 -107.33857240000074 1
endloop
endfacet
facet normal 0 1 0
outer loop
vertex 223.6726941 -149.5815823 1
vertex 223.6726941 -149.5815823 0
vertex 216.6726941 -149.5815823 0
endloop
endfacet
facet normal 0 1 0
outer loop
vertex 223.6726941 -149.5815823 1
vertex 216.6726941 -149.5815823 0
vertex 216.6726941 -149.5815823 1
endloop
endfacet
facet normal -1 0 0
outer loop
vertex 223.6726941 -147.5815823 1
vertex 223.6726941 -147.5815823 0
vertex 223.6726941 -149.5815823 0
endloop
endfacet
facet normal -1 0 0
outer loop
vertex 223.6726941 -147.5815823 1
vertex 223.6726941 -149.5815823 0
vertex 223.6726941 -149.5815823 1
endloop
endfacet
facet normal 1 0 0
outer loop
vertex 216.6726941 -147.5815823 0
vertex 216.6726941 -147.5815823 1
vertex 216.6726941 -149.5815823 1
endloop
endfacet
facet normal 1 0 0
outer loop
vertex 216.6726941 -147.5815823 0
vertex 216.6726941 -149.5815823 1
vertex 216.6726941 -149.5815823 0
endloop
endfacet
facet normal 0 -1 0
outer loop
vertex 223.6726941 -147.5815823 0
vertex 223.6726941 -147.5815823 1
vertex 216.6726941 -147.5815823 1
endloop
endfacet
facet normal 0 -1 0
outer loop
vertex 223.6726941 -147.5815823 0
vertex 216.6726941 -147.5815823 1
vertex 216.6726941 -147.5815823 0
endloop
endfacet
endsolid csg.js
